category,precision,recall,f1-score,support
-1,1.0,0.0100502512562814,0.0199004975124378,199.0
0,0.6666666666666666,0.0655737704918032,0.1194029850746268,122.0
1,0.4579439252336448,0.2552083333333333,0.3277591973244146,192.0
2,0.4166666666666667,0.099009900990099,0.16,101.0
3,0.3142857142857143,0.2650602409638554,0.2875816993464052,83.0
4,0.2807017543859649,0.4933920704845815,0.3578274760383386,227.0
5,0.0933333333333333,0.125,0.1068702290076336,168.0
6,0.492063492063492,0.3009708737864077,0.3734939759036145,103.0
7,0.75,0.0352941176470588,0.0674157303370786,85.0
8,0.4962406015037593,0.5409836065573771,0.5176470588235293,122.0
9,0.7606382978723404,0.5257352941176471,0.6217391304347827,272.0
10,0.4583333333333333,0.4325842696629213,0.4450867052023121,178.0
11,0.6451612903225806,0.3623188405797101,0.4640371229698375,276.0
12,0.4,0.0444444444444444,0.0799999999999999,90.0
13,0.4375,0.1337579617834395,0.2048780487804878,157.0
14,0.4565217391304347,0.7567567567567568,0.5694915254237288,111.0
15,0.5761904761904761,0.4172413793103448,0.484,290.0
16,0.4,0.0452488687782805,0.08130081300813,221.0
17,0.4257425742574257,0.2311827956989247,0.2996515679442508,186.0
18,0.7252747252747253,0.2704918032786885,0.3940298507462687,244.0
19,0.3571428571428571,0.3623188405797101,0.3597122302158273,138.0
20,0.2258064516129032,0.1099476439790576,0.147887323943662,191.0
21,0.75,0.0150753768844221,0.0295566502463054,199.0
22,0.1192660550458715,0.2765957446808511,0.1666666666666666,141.0
23,0.3559322033898305,0.3579545454545454,0.3569405099150141,176.0
24,0.2666666666666666,0.1290322580645161,0.1739130434782608,155.0
25,0.5,0.09375,0.1578947368421052,64.0
26,0.5426008968609866,0.4745098039215686,0.506276150627615,255.0
27,0.2666666666666666,0.0522875816993464,0.087431693989071,153.0
28,0.7335766423357665,0.7282608695652174,0.730909090909091,276.0
29,0.3818181818181818,0.1834061135371179,0.247787610619469,229.0
30,0.8333333333333334,0.7117437722419929,0.7677543186180423,281.0
31,0.037037037037037,0.08,0.050632911392405,25.0
32,0.6285714285714286,0.6984126984126984,0.6616541353383458,63.0
33,0.4736842105263157,0.0638297872340425,0.1124999999999999,141.0
35,0.4671532846715328,0.3615819209039548,0.4076433121019108,177.0
36,0.4444444444444444,0.0620155038759689,0.1088435374149659,129.0
37,0.0,0.0,0.0,57.0
38,0.2857142857142857,0.0184331797235023,0.0346320346320346,217.0
39,0.660377358490566,0.1891891891891892,0.2941176470588235,185.0
40,0.6222222222222222,0.64,0.6309859154929577,350.0
41,0.1621621621621621,0.2,0.1791044776119403,120.0
42,0.375,0.2121212121212121,0.2709677419354838,99.0
43,0.8040816326530612,0.7060931899641577,0.7519083969465649,279.0
44,0.2244897959183673,0.2894736842105263,0.2528735632183908,76.0
45,0.25,0.074074074074074,0.1142857142857142,81.0
46,0.4,0.0344827586206896,0.0634920634920634,116.0
47,0.5,0.0082644628099173,0.016260162601626,121.0
48,0.625,0.078125,0.1388888888888889,64.0
49,0.0446428571428571,0.2083333333333333,0.0735294117647058,48.0
50,0.6944444444444444,0.2272727272727272,0.3424657534246575,110.0
51,0.5796460176991151,0.5282258064516129,0.5527426160337553,248.0
52,0.4710743801652892,0.3958333333333333,0.430188679245283,144.0
53,0.3076923076923077,0.0597014925373134,0.0999999999999999,67.0
54,0.75,0.0555555555555555,0.1034482758620689,108.0
55,0.09375,0.044776119402985,0.0606060606060606,134.0
56,0.4156626506024096,0.4928571428571429,0.4509803921568627,140.0
57,0.4634146341463415,0.1809523809523809,0.2602739726027397,105.0
58,0.6896551724137931,0.4098360655737705,0.5141388174807198,244.0
59,0.381404174573055,0.7472118959107806,0.5050251256281407,269.0
60,0.0,0.0,0.0,53.0
61,0.4444444444444444,0.2162162162162162,0.2909090909090909,111.0
62,0.7134502923976608,0.3765432098765432,0.4929292929292929,324.0
63,0.4565217391304347,0.375,0.4117647058823528,112.0
64,0.2926829268292683,0.0609137055837563,0.1008403361344537,197.0
65,0.1719197707736389,0.5660377358490566,0.2637362637362637,106.0
66,0.1228070175438596,0.1085271317829457,0.1152263374485596,129.0
67,0.5056179775280899,0.1851851851851851,0.2710843373493975,243.0
68,0.5147058823529411,0.4545454545454545,0.4827586206896551,154.0
69,0.2189349112426035,0.25,0.2334384858044164,148.0
70,0.2621951219512195,0.3208955223880597,0.2885906040268456,134.0
71,0.1860465116279069,0.3595505617977528,0.2452107279693486,89.0
72,0.2964601769911504,0.2723577235772357,0.2838983050847457,246.0
73,0.1818181818181818,0.0625,0.0930232558139534,32.0
74,0.3333333333333333,0.1402877697841726,0.1974683544303797,278.0
75,0.8148148148148148,0.0852713178294573,0.1543859649122806,258.0
77,0.5,0.4219409282700422,0.4576659038901602,237.0
78,0.25,0.0229885057471264,0.0421052631578947,87.0
79,0.4082397003745318,0.5706806282722513,0.4759825327510917,191.0
80,0.1217105263157894,0.3274336283185841,0.1774580335731415,113.0
81,0.5245901639344263,0.1777777777777777,0.2655601659751037,180.0
82,0.7132352941176471,0.4429223744292237,0.5464788732394366,219.0
83,0.5230769230769231,0.2677165354330709,0.3541666666666667,127.0
84,0.0,0.0,0.0,80.0
85,0.5454545454545454,0.1209677419354838,0.198019801980198,248.0
86,0.1538461538461538,0.0344827586206896,0.056338028169014,58.0
87,0.0825688073394495,0.1153846153846153,0.0962566844919786,78.0
88,0.0,0.0,0.0,43.0
89,0.3333333333333333,0.008695652173913,0.0169491525423728,115.0
90,0.6428571428571429,0.3785046728971962,0.4764705882352941,214.0
91,0.6260869565217392,0.2823529411764706,0.3891891891891892,255.0
92,0.4761904761904761,0.145985401459854,0.2234636871508379,137.0
93,0.228310502283105,0.2645502645502645,0.2450980392156862,189.0
94,0.5961538461538461,0.2214285714285714,0.3229166666666667,280.0
95,0.6008403361344538,0.55,0.5742971887550201,260.0
96,0.5708502024291497,0.5465116279069767,0.5584158415841585,258.0
97,0.5,0.0413223140495867,0.0763358778625954,121.0
98,0.32,0.0842105263157894,0.1333333333333333,95.0
99,0.4264705882352941,0.2436974789915966,0.3101604278074866,119.0
100,0.1666666666666666,0.081081081081081,0.1090909090909091,74.0
101,0.3707865168539326,0.532258064516129,0.4370860927152318,310.0
102,0.2702702702702703,0.1666666666666666,0.2061855670103092,60.0
103,0.5714285714285714,0.2222222222222222,0.32,144.0
104,0.5597014925373134,0.4643962848297213,0.5076142131979695,323.0
105,0.5757575757575758,0.1241830065359477,0.2043010752688172,153.0
106,0.6571428571428571,0.1554054054054054,0.2513661202185792,148.0
107,0.6,0.1147540983606557,0.1926605504587156,183.0
108,0.40893470790378,0.5063829787234042,0.4524714828897337,235.0
109,0.6759776536312849,0.4689922480620155,0.5537757437070939,258.0
110,0.5294117647058824,0.0566037735849056,0.1022727272727272,159.0
111,0.2142857142857142,0.0333333333333333,0.0576923076923076,90.0
112,0.2857142857142857,0.0120481927710843,0.0231213872832369,166.0
113,0.0876190476190476,0.2081447963800905,0.1233243967828418,221.0
114,0.7340425531914894,0.3876404494382022,0.5073529411764706,178.0
115,0.6538461538461539,0.1878453038674033,0.2918454935622318,181.0
116,0.1182266009852216,0.1751824817518248,0.1411764705882353,137.0
117,0.2580645161290322,0.0714285714285714,0.1118881118881119,112.0
118,0.2878787878787879,0.1557377049180328,0.2021276595744681,122.0
119,0.2195121951219512,0.0354330708661417,0.0610169491525423,254.0
120,0.0811965811965812,0.080168776371308,0.0806794055201698,237.0
121,0.7452471482889734,0.6222222222222222,0.6782006920415224,315.0
122,0.3461538461538461,0.1875,0.2432432432432432,48.0
123,0.6129032258064516,0.1484375,0.2389937106918238,128.0
124,0.2023575638506876,0.5364583333333334,0.2938659058487874,192.0
125,0.7843137254901961,0.6153846153846154,0.6896551724137931,260.0
126,0.2337962962962963,0.7062937062937062,0.351304347826087,286.0
127,0.4120603015075377,0.4338624338624338,0.422680412371134,189.0
128,0.4444444444444444,0.2133333333333333,0.2882882882882883,75.0
129,0.4444444444444444,0.0392156862745098,0.072072072072072,102.0
130,0.3492063492063492,0.1366459627329192,0.1964285714285714,161.0
131,0.2631578947368421,0.100502512562814,0.1454545454545454,199.0
132,0.2352941176470588,0.1509433962264151,0.1839080459770115,53.0
133,0.46875,0.1209677419354838,0.1923076923076923,124.0
134,0.6666666666666666,0.0187793427230046,0.0365296803652968,213.0
135,0.2676056338028169,0.1958762886597938,0.2261904761904762,97.0
136,0.2702702702702703,0.1632653061224489,0.2035623409669211,245.0
137,0.3571428571428571,0.1282051282051282,0.1886792452830188,39.0
138,0.28,0.1166666666666666,0.1647058823529411,120.0
139,0.5,0.2043795620437956,0.2901554404145078,137.0
140,0.1419141914191419,0.2362637362637362,0.177319587628866,182.0
141,0.3205479452054794,0.5909090909090909,0.4156305506216696,198.0
142,0.1866666666666666,0.0606060606060606,0.0915032679738562,231.0
143,0.8333333333333334,0.032258064516129,0.062111801242236,155.0
144,0.5319148936170213,0.2757352941176471,0.3631961259079903,272.0
145,0.7764227642276422,0.6920289855072463,0.731800766283525,276.0
146,0.4146341463414634,0.0691056910569105,0.1184668989547038,246.0
147,0.2478991596638655,0.3371428571428571,0.2857142857142857,175.0
148,0.077559462254395,0.3571428571428571,0.1274426508071368,210.0
149,0.625,0.0217391304347826,0.042016806722689,230.0
150,0.3125,0.1295336787564766,0.1831501831501831,193.0
151,0.6666666666666666,0.0402684563758389,0.0759493670886075,149.0
152,0.6,0.0263157894736842,0.0504201680672268,114.0
153,0.0,0.0,0.0,37.0
154,0.1071428571428571,0.0288461538461538,0.0454545454545454,104.0
155,0.1846153846153846,0.1411764705882353,0.16,85.0
156,0.1616541353383458,0.455026455026455,0.2385575589459084,189.0
157,0.3653846153846153,0.4108108108108108,0.3867684478371501,185.0
158,0.3333333333333333,0.0256410256410256,0.0476190476190476,39.0
159,0.2553191489361702,0.0909090909090909,0.1340782122905028,132.0
160,0.0,0.0,0.0,48.0
161,0.3023255813953488,0.203125,0.2429906542056074,64.0
162,0.3333333333333333,0.1171171171171171,0.1733333333333333,111.0
163,0.21875,0.3381642512077294,0.2656546489563567,207.0
164,0.3586497890295358,0.3281853281853282,0.3427419354838709,259.0
165,0.2051282051282051,0.0707964601769911,0.1052631578947368,113.0
166,0.7,0.0707070707070707,0.128440366972477,99.0
167,0.4285714285714285,0.0909090909090909,0.15,99.0
168,0.5531914893617021,0.25,0.3443708609271523,208.0
169,0.4705882352941176,0.1454545454545454,0.2222222222222222,110.0
170,0.4076923076923077,0.3173652694610778,0.3569023569023569,167.0
171,0.3571428571428571,0.0531914893617021,0.0925925925925925,94.0
172,0.3412698412698413,0.581081081081081,0.43,148.0
174,0.5714285714285714,0.0930232558139534,0.16,129.0
175,0.4090909090909091,0.135678391959799,0.2037735849056604,199.0
176,0.449438202247191,0.3389830508474576,0.3864734299516908,118.0
177,0.2093023255813953,0.2783505154639175,0.2389380530973451,97.0
178,0.5594405594405595,0.3389830508474576,0.4221635883905013,236.0
179,0.2941176470588235,0.0462962962962962,0.08,108.0
180,0.6446280991735537,0.4382022471910112,0.5217391304347826,178.0
181,0.4814814814814814,0.6046511627906976,0.5360824742268042,172.0
182,0.2586206896551724,0.1111111111111111,0.155440414507772,135.0
183,0.2631578947368421,0.0609756097560975,0.099009900990099,82.0
184,0.188034188034188,0.2444444444444444,0.2125603864734299,90.0
185,0.391025641025641,0.4066666666666667,0.3986928104575163,150.0
186,0.6108108108108108,0.6277777777777778,0.6191780821917808,180.0
187,0.1944444444444444,0.1272727272727272,0.1538461538461538,55.0
188,0.068259385665529,0.1257861635220125,0.0884955752212389,159.0
189,0.2650602409638554,0.2716049382716049,0.2682926829268293,81.0
190,0.4,0.0384615384615384,0.0701754385964912,52.0
191,0.6666666666666666,0.21875,0.3294117647058823,192.0
192,0.4178082191780822,0.3160621761658031,0.359882005899705,193.0
193,0.4375,0.2372881355932203,0.3076923076923076,177.0
194,0.0517928286852589,0.1048387096774193,0.0693333333333333,124.0
195,0.1818181818181818,0.048780487804878,0.0769230769230769,41.0
196,0.7945205479452054,0.2521739130434782,0.3828382838283828,230.0
197,0.0,0.0,0.0,136.0
198,0.2788461538461538,0.25,0.2636363636363636,116.0
199,0.3333333333333333,0.2590361445783132,0.2915254237288135,166.0
200,0.1764705882352941,0.0700389105058365,0.1002785515320334,257.0
201,0.7222222222222222,0.0921985815602836,0.1635220125786163,141.0
202,0.3376623376623376,0.146067415730337,0.2039215686274509,178.0
203,0.0936329588014981,0.1572327044025157,0.1173708920187793,159.0
204,0.1120689655172413,0.3170731707317073,0.1656050955414013,41.0
205,0.3076923076923077,0.0189573459715639,0.0357142857142857,211.0
206,0.3461538461538461,0.1882845188284518,0.2439024390243902,239.0
207,0.1601123595505618,0.3097826086956521,0.2111111111111111,184.0
208,0.4,0.0240963855421686,0.0454545454545454,83.0
209,0.1208791208791208,0.1,0.1094527363184079,110.0
210,0.39,0.5223214285714286,0.4465648854961832,224.0
211,0.50199203187251,0.3987341772151899,0.4444444444444445,316.0
212,0.1978021978021978,0.1005586592178771,0.1333333333333333,179.0
213,0.0242424242424242,0.0655737704918032,0.0353982300884955,61.0
214,0.3571428571428571,0.062111801242236,0.1058201058201058,161.0
215,0.1896551724137931,0.3188405797101449,0.2378378378378378,69.0
216,0.4361702127659574,0.2628205128205128,0.328,156.0
217,1.0,0.0126582278481012,0.0249999999999999,158.0
218,0.375,0.0576923076923076,0.0999999999999999,52.0
219,0.4285714285714285,0.0789473684210526,0.1333333333333333,76.0
220,0.6353591160220995,0.3662420382165605,0.4646464646464646,314.0
221,0.0930232558139534,0.0392156862745098,0.0551724137931034,102.0
222,0.5882352941176471,0.3365384615384615,0.4281345565749235,208.0
223,0.7222222222222222,0.0849673202614379,0.1520467836257309,153.0
224,0.1935483870967742,0.2264150943396226,0.208695652173913,53.0
225,0.6,0.2654867256637168,0.3680981595092024,113.0
226,0.1767068273092369,0.2528735632183908,0.2080378250591016,174.0
227,0.5405405405405406,0.1015228426395939,0.1709401709401709,197.0
228,0.6666666666666666,0.0133333333333333,0.0261437908496732,150.0
229,0.0588235294117647,0.0364963503649635,0.045045045045045,137.0
230,0.0821917808219178,0.125,0.0991735537190082,144.0
231,0.2692307692307692,0.0614035087719298,0.0999999999999999,114.0
232,0.7241379310344828,0.7,0.711864406779661,330.0
233,0.3888888888888889,0.04375,0.0786516853932584,160.0
234,0.1135135135135135,0.0697674418604651,0.0864197530864197,301.0
235,0.3636363636363636,0.2298850574712643,0.2816901408450704,87.0
236,0.0923076923076923,0.0474308300395256,0.06266318537859,253.0
237,0.5,0.0635593220338983,0.112781954887218,236.0
238,0.0346620450606585,0.0711743772241993,0.0466200466200466,281.0
239,0.25,0.0119047619047619,0.0227272727272727,84.0
240,0.5,0.1857142857142857,0.2708333333333333,140.0
241,0.4,0.0264900662251655,0.0496894409937888,151.0
242,0.28,0.6542056074766355,0.392156862745098,214.0
244,0.2758620689655172,0.1678321678321678,0.208695652173913,143.0
245,0.2741935483870967,0.1789473684210526,0.2165605095541401,95.0
246,0.5562913907284768,0.4772727272727273,0.5137614678899083,176.0
247,0.1717171717171717,0.1531531531531531,0.1619047619047618,111.0
248,0.2892156862745098,0.3430232558139535,0.3138297872340425,172.0
249,0.4166666666666667,0.048780487804878,0.0873362445414847,205.0
250,0.0927835051546391,0.0743801652892562,0.0825688073394495,121.0
252,0.75,0.0521739130434782,0.097560975609756,230.0
253,0.525,0.1242603550295858,0.200956937799043,169.0
254,1.0,0.0111111111111111,0.0219780219780219,90.0
255,0.5,0.0129032258064516,0.0251572327044025,155.0
256,0.1609870740305523,0.6372093023255814,0.2570356472795497,215.0
257,0.0,0.0,0.0,125.0
258,0.0756302521008403,0.1046511627906976,0.0878048780487804,86.0
259,0.1809815950920245,0.299492385786802,0.2256214149139579,197.0
260,0.1094736842105263,0.1911764705882352,0.1392235609103079,272.0
261,0.1461538461538461,0.2235294117647059,0.1767441860465116,85.0
262,0.4285714285714285,0.1028571428571428,0.1658986175115207,175.0
263,0.1990291262135922,0.231638418079096,0.2140992167101827,177.0
264,0.5909090909090909,0.1768707482993197,0.2722513089005235,147.0
265,0.6140350877192983,0.2011494252873563,0.303030303030303,174.0
266,0.2134831460674157,0.1696428571428571,0.1890547263681592,112.0
267,0.2527272727272727,0.4964285714285714,0.3349397590361446,280.0
268,0.2142857142857142,0.0571428571428571,0.0902255639097744,105.0
269,0.6111111111111112,0.1145833333333333,0.1929824561403508,192.0
270,0.25,0.0476190476190476,0.08,84.0
271,0.3478260869565217,0.0963855421686747,0.1509433962264151,83.0
272,0.125,0.5638297872340425,0.2046332046332046,94.0
273,0.5877551020408164,0.4675324675324675,0.5207956600361663,308.0
274,0.2298136645962732,0.1831683168316831,0.2038567493112947,202.0
275,0.2888086642599278,0.4790419161676646,0.3603603603603603,334.0
276,0.2941176470588235,0.1169590643274853,0.1673640167364016,171.0
277,0.5306122448979592,0.3880597014925373,0.4482758620689655,134.0
278,0.5238095238095238,0.0901639344262295,0.1538461538461538,122.0
279,0.5,0.0072992700729927,0.014388489208633,137.0
280,0.4545454545454545,0.0505050505050505,0.0909090909090909,99.0
281,0.3333333333333333,0.0163934426229508,0.03125,244.0
282,0.1777777777777777,0.2442748091603053,0.2057877813504823,131.0
283,0.25,0.0543478260869565,0.0892857142857142,92.0
284,0.4642857142857143,0.0828025477707006,0.1405405405405405,157.0
285,0.3706896551724138,0.2574850299401197,0.3038869257950529,167.0
286,0.2222222222222222,0.0246913580246913,0.0444444444444444,162.0
287,0.0,0.0,0.0,111.0
288,0.1276595744680851,0.04,0.0609137055837563,150.0
289,0.2122641509433962,0.3765690376569037,0.2714932126696832,239.0
290,0.7114093959731543,0.5326633165829145,0.6091954022988506,199.0
291,0.2897727272727273,0.4396551724137931,0.3493150684931507,116.0
292,0.8114285714285714,0.8765432098765432,0.8427299703264095,324.0
293,1.0,0.0075757575757575,0.0150375939849624,132.0
294,0.0,0.0,0.0,30.0
295,0.5549348230912476,0.7883597883597884,0.6513661202185792,378.0
296,0.321656050955414,0.4879227053140096,0.3877159309021113,207.0
297,0.4549549549549549,0.6234567901234568,0.5260416666666666,162.0
298,1.0,0.0217391304347826,0.0425531914893616,46.0
299,0.3294797687861271,0.5181818181818182,0.4028268551236749,110.0
300,0.6666666666666666,0.0615384615384615,0.1126760563380281,65.0
301,0.311046511627907,0.601123595505618,0.4099616858237548,178.0
302,0.1847133757961783,0.1946308724832214,0.1895424836601307,149.0
303,0.5121951219512195,0.2234042553191489,0.3111111111111111,188.0
304,0.4761904761904761,0.1581027667984189,0.2373887240356083,253.0
305,0.4285714285714285,0.019108280254777,0.0365853658536585,157.0
306,0.3493975903614458,0.1657142857142857,0.2248062015503875,175.0
307,0.4477611940298507,0.1115241635687732,0.1785714285714285,269.0
308,0.4210526315789473,0.0717488789237668,0.1226053639846743,223.0
309,1.0,0.0238095238095238,0.0465116279069767,42.0
310,0.4,0.0970873786407767,0.15625,103.0
311,0.782608695652174,0.8059701492537313,0.7941176470588236,134.0
312,0.4117647058823529,0.0510948905109489,0.0909090909090909,137.0
313,0.5,0.0296296296296296,0.0559440559440559,135.0
314,0.5263157894736842,0.5533596837944664,0.5394990366088632,253.0
315,0.5045871559633027,0.5045871559633027,0.5045871559633027,218.0
316,0.4642857142857143,0.5909090909090909,0.52,110.0
317,0.4333333333333333,0.1120689655172413,0.1780821917808219,116.0
318,0.15625,0.053763440860215,0.0799999999999999,93.0
319,0.217877094972067,0.2765957446808511,0.24375,141.0
320,0.2957746478873239,0.1242603550295858,0.175,169.0
321,0.2465437788018433,0.436734693877551,0.3151693667157584,245.0
322,0.1899441340782122,0.2312925170068027,0.2085889570552147,147.0
323,0.336734693877551,0.2142857142857142,0.2619047619047619,154.0
324,0.3666666666666666,0.0973451327433628,0.1538461538461538,113.0
325,0.6099706744868035,0.6910299003322259,0.64797507788162,301.0
326,0.2532467532467532,0.2228571428571428,0.2370820668693009,175.0
327,0.7090909090909091,0.1866028708133971,0.2954545454545454,209.0
328,0.8,0.0298507462686567,0.0575539568345323,134.0
329,0.3333333333333333,0.0104166666666666,0.0202020202020202,96.0
330,0.9272727272727272,0.5645756457564576,0.701834862385321,271.0
331,0.3125,0.1497005988023952,0.2024291497975708,167.0
332,0.2153846153846154,0.358974358974359,0.2692307692307693,117.0
333,0.4193548387096774,0.1083333333333333,0.1721854304635761,120.0
334,0.8208955223880597,0.6297709923664122,0.7127429805615552,262.0
335,0.8792270531400966,0.6408450704225352,0.7413441955193482,284.0
336,0.535031847133758,0.6666666666666666,0.5936395759717314,126.0
337,0.3950617283950617,0.3316062176165803,0.3605633802816901,193.0
338,0.375,0.0434782608695652,0.0779220779220779,69.0
339,0.1666666666666666,0.1162790697674418,0.136986301369863,43.0
340,0.3472222222222222,0.2358490566037736,0.2808988764044944,106.0
341,0.130879345603272,0.4671532846715328,0.2044728434504792,137.0
342,0.25,0.0217391304347826,0.04,138.0
343,0.6956521739130435,0.0581818181818181,0.1073825503355704,275.0
344,0.4473684210526316,0.2537313432835821,0.3238095238095238,134.0
345,0.4078947368421052,0.2066666666666666,0.2743362831858407,150.0
346,0.1777777777777777,0.1159420289855072,0.1403508771929824,69.0
347,0.5,0.0909090909090909,0.1538461538461538,44.0
348,0.2807017543859649,0.1584158415841584,0.2025316455696202,101.0
349,0.3769230769230769,0.296969696969697,0.3322033898305084,165.0
350,0.2916666666666667,0.0534351145038167,0.0903225806451613,131.0
351,0.2857142857142857,0.1259842519685039,0.174863387978142,127.0
352,0.2226890756302521,0.292817679558011,0.2529832935560859,181.0
353,0.5925925925925926,0.3282051282051282,0.4224422442244224,195.0
354,0.2,0.1415525114155251,0.1657754010695187,219.0
355,0.3243243243243243,0.1782178217821782,0.2300319488817891,202.0
356,0.5263157894736842,0.0546448087431694,0.099009900990099,183.0
357,0.3529411764705882,0.0612244897959183,0.1043478260869565,98.0
358,0.4285714285714285,0.0839160839160839,0.1403508771929824,143.0
359,0.5781990521327014,0.4728682170542636,0.5202558635394456,258.0
360,0.875,0.0245614035087719,0.0477815699658703,285.0
361,0.4166666666666667,0.1623376623376623,0.2336448598130841,154.0
362,0.3571428571428571,0.0549450549450549,0.0952380952380952,91.0
363,0.5384615384615384,0.2386363636363636,0.3307086614173228,88.0
364,0.1034482758620689,0.0483870967741935,0.0659340659340659,62.0
365,0.1746031746031746,0.1964285714285714,0.1848739495798319,56.0
366,0.4,0.0296296296296296,0.0551724137931034,135.0
367,0.2958579881656805,0.4347826086956521,0.352112676056338,115.0
368,0.1384615384615384,0.3201581027667984,0.1933174224343675,253.0
369,0.2772277227722772,0.1530054644808743,0.1971830985915493,183.0
370,0.1016949152542373,0.0674157303370786,0.081081081081081,178.0
371,0.0843373493975903,0.034313725490196,0.048780487804878,204.0
372,0.3684210526315789,0.1909090909090909,0.2514970059880239,110.0
373,0.2727272727272727,0.0891089108910891,0.1343283582089552,101.0
374,0.25,0.072289156626506,0.1121495327102803,83.0
375,0.6666666666666666,0.0238095238095238,0.0459770114942528,84.0
377,0.3529411764705882,0.0714285714285714,0.1188118811881188,84.0
378,0.3720930232558139,0.6906474820143885,0.4836272040302267,139.0
379,0.271356783919598,0.2673267326732673,0.2693266832917705,202.0
380,0.0961538461538461,0.0684931506849315,0.08,146.0
381,0.6952380952380952,0.5488721804511278,0.6134453781512605,266.0
382,0.25,0.0884955752212389,0.130718954248366,113.0
383,0.4,0.1188118811881188,0.183206106870229,101.0
384,0.3333333333333333,0.0427350427350427,0.0757575757575757,117.0
385,0.2266666666666666,0.096590909090909,0.1354581673306772,176.0
386,0.4285714285714285,0.0833333333333333,0.1395348837209302,36.0
387,0.3372781065088757,0.4769874476987448,0.3951473136915078,239.0
388,0.2405498281786941,0.3571428571428571,0.2874743326488706,196.0
389,0.11,0.2214765100671141,0.1469933184855233,149.0
390,0.0,0.0,0.0,32.0
391,0.0,0.0,0.0,46.0
392,0.1666666666666666,0.0829268292682926,0.1107491856677524,205.0
393,0.3571428571428571,0.0943396226415094,0.1492537313432836,159.0
394,0.3571428571428571,0.0197628458498023,0.0374531835205992,253.0
395,0.3333333333333333,0.0714285714285714,0.1176470588235294,56.0
396,0.4857142857142857,0.0928961748633879,0.1559633027522936,183.0
397,0.4147465437788018,0.4326923076923077,0.4235294117647059,208.0
398,0.7194244604316546,0.5376344086021505,0.6153846153846153,186.0
399,0.6432160804020101,0.6066350710900474,0.624390243902439,211.0
400,0.2566371681415929,0.3222222222222222,0.2857142857142857,90.0
401,0.1025641025641025,0.1666666666666666,0.1269841269841269,24.0
402,0.1428571428571428,0.2735849056603773,0.1877022653721682,106.0
403,0.5714285714285714,0.1391304347826087,0.2237762237762238,115.0
404,0.3571428571428571,0.0568181818181818,0.0980392156862745,264.0
405,0.2941176470588235,0.057471264367816,0.0961538461538461,87.0
406,0.2925531914893617,0.3767123287671233,0.3293413173652695,146.0
407,0.2988505747126437,0.1969696969696969,0.2374429223744292,132.0
408,0.5485232067510548,0.6532663316582915,0.5963302752293579,199.0
409,0.5714285714285714,0.0236686390532544,0.0454545454545454,169.0
410,0.25,0.024390243902439,0.0444444444444444,41.0
411,0.6,0.2857142857142857,0.3870967741935483,126.0
412,0.3809523809523809,0.16,0.2253521126760563,50.0
413,0.2288135593220339,0.3529411764705882,0.2776349614395887,153.0
414,0.2313725490196078,0.7515923566878981,0.3538230884557721,157.0
415,0.4444444444444444,0.0888888888888888,0.1481481481481481,45.0
416,0.3620689655172414,0.1071428571428571,0.1653543307086614,196.0
417,0.4745762711864407,0.1590909090909091,0.2382978723404255,176.0
418,0.3917525773195876,0.3819095477386934,0.3867684478371501,199.0
419,0.233502538071066,0.4623115577889447,0.3102866779089376,199.0
420,0.4047619047619047,0.1524663677130044,0.2214983713355048,223.0
421,0.3513513513513513,0.143646408839779,0.2039215686274509,181.0
422,0.4492753623188406,0.1527093596059113,0.2279411764705882,203.0
423,0.2363636363636363,0.3333333333333333,0.276595744680851,195.0
424,0.5425531914893617,0.2318181818181818,0.3248407643312102,220.0
425,0.4230769230769231,0.25,0.3142857142857143,88.0
426,0.3554817275747508,0.6858974358974359,0.4682713347921226,156.0
428,0.8,0.6263345195729537,0.7025948103792415,281.0
429,0.1333333333333333,0.0795454545454545,0.0996441281138789,176.0
430,0.1739130434782608,0.0615384615384615,0.0909090909090909,65.0
431,0.2774193548387096,0.4886363636363636,0.3539094650205761,88.0
432,0.5,0.0169491525423728,0.0327868852459016,118.0
433,0.4867724867724867,0.6301369863013698,0.5492537313432835,146.0
434,0.7554347826086957,0.7722222222222223,0.7637362637362637,180.0
435,0.7586206896551724,0.7096774193548387,0.7333333333333333,248.0
436,0.0353697749196141,0.2075471698113207,0.0604395604395604,53.0
437,0.2880434782608695,0.3441558441558441,0.3136094674556213,154.0
438,0.2857142857142857,0.05,0.0851063829787234,80.0
439,0.4117647058823529,0.2517985611510791,0.3124999999999999,139.0
440,0.1764705882352941,0.0133928571428571,0.0248962655601659,224.0
441,0.3181818181818182,0.1346153846153846,0.1891891891891891,52.0
442,0.4558823529411764,0.1648936170212765,0.2421874999999999,188.0
443,0.3095238095238095,0.4227642276422764,0.3573883161512027,123.0
444,0.4390243902439024,0.0845070422535211,0.1417322834645669,213.0
445,0.6153846153846154,0.0473372781065088,0.0879120879120879,169.0
446,0.3902439024390244,0.16,0.226950354609929,100.0
447,0.3515625,0.5,0.4128440366972477,90.0
448,0.25,0.0869565217391304,0.1290322580645161,92.0
449,0.2571428571428571,0.1184210526315789,0.1621621621621621,76.0
450,0.0490196078431372,0.0909090909090909,0.0636942675159235,55.0
451,0.0357142857142857,0.1393442622950819,0.0568561872909699,122.0
452,0.7142857142857143,0.0308641975308641,0.059171597633136,162.0
453,0.11,0.06875,0.0846153846153846,160.0
454,0.3,0.025,0.0461538461538461,120.0
455,0.3333333333333333,0.1419753086419753,0.1991341991341991,162.0
456,0.3972602739726027,0.1164658634538152,0.1801242236024844,249.0
457,0.3703703703703703,0.0833333333333333,0.1360544217687075,120.0
458,0.2023809523809523,0.2266666666666666,0.2138364779874214,75.0
459,0.0,0.0,0.0,168.0
460,0.3448275862068966,0.0469483568075117,0.0826446280991735,213.0
461,0.4347826086956521,0.0952380952380952,0.15625,105.0
462,0.3902439024390244,0.3076923076923077,0.3440860215053763,104.0
463,0.5,0.0083333333333333,0.0163934426229508,120.0
464,0.2415730337078651,0.542016806722689,0.3341968911917098,238.0
465,0.2745098039215686,0.6054054054054054,0.3777403035413153,185.0
466,0.7142857142857143,0.1363636363636363,0.2290076335877862,220.0
467,0.7142857142857143,0.0555555555555555,0.1030927835051546,90.0
468,0.2307692307692307,0.1224489795918367,0.16,98.0
469,0.5,0.0526315789473684,0.0952380952380952,76.0
470,0.288135593220339,0.1287878787878787,0.1780104712041884,132.0
471,0.3333333333333333,0.1142857142857142,0.1702127659574468,105.0
472,0.2125984251968504,0.3333333333333333,0.2596153846153846,162.0
473,0.4285714285714285,0.03125,0.058252427184466,96.0
474,0.8258928571428571,0.592948717948718,0.6902985074626866,312.0
475,0.45,0.0909090909090909,0.1512605042016806,99.0
476,0.1666666666666666,0.0188679245283018,0.0338983050847457,106.0
477,0.1956521739130435,0.15,0.1698113207547169,60.0
478,0.0776699029126213,0.054054054054054,0.0637450199203187,148.0
479,0.732620320855615,0.7569060773480663,0.7445652173913043,181.0
480,0.2727272727272727,0.0762711864406779,0.119205298013245,118.0
481,0.6402877697841727,0.5493827160493827,0.5913621262458473,162.0
482,0.325,0.2452830188679245,0.2795698924731182,106.0
483,0.32,0.0898876404494382,0.1403508771929824,178.0
484,0.1698113207547169,0.216867469879518,0.1904761904761904,83.0
485,0.5824742268041238,0.6686390532544378,0.6225895316804408,169.0
486,0.7699115044247787,0.7933130699088146,0.781437125748503,329.0
487,0.6,0.0379746835443038,0.0714285714285714,79.0
488,0.6923076923076923,0.0638297872340425,0.1168831168831168,141.0
489,0.5725190839694656,0.6024096385542169,0.5870841487279843,249.0
490,0.1785714285714285,0.1590909090909091,0.1682692307692307,220.0
491,0.6914893617021277,0.3846153846153846,0.494296577946768,169.0
492,0.2097902097902098,0.3468208092485549,0.261437908496732,173.0
493,0.4523809523809524,0.3689320388349514,0.4064171122994652,206.0
494,0.1948051948051948,0.1388888888888889,0.1621621621621621,216.0
495,0.3125,0.0704225352112676,0.1149425287356321,71.0
496,0.1395348837209302,0.0530973451327433,0.0769230769230769,113.0
497,0.0,0.0,0.0,69.0
498,0.0277008310249307,0.2205882352941176,0.0492206726825266,136.0
499,0.0491803278688524,0.2903225806451613,0.0841121495327102,155.0
500,0.3076923076923077,0.1012658227848101,0.1523809523809524,79.0
501,0.3888888888888889,0.0476190476190476,0.0848484848484848,147.0
502,0.463768115942029,0.2539682539682539,0.3282051282051282,126.0
503,0.2857142857142857,0.0769230769230769,0.1212121212121212,26.0
504,0.6923076923076923,0.6324324324324324,0.6610169491525424,185.0
505,1.0,0.0225563909774436,0.0441176470588235,133.0
506,0.75,0.06,0.1111111111111111,50.0
507,0.2461538461538461,0.1194029850746268,0.1608040201005025,134.0
508,0.4372093023255814,0.4351851851851852,0.4361948955916473,216.0
509,0.2209302325581395,0.085201793721973,0.1229773462783171,223.0
510,0.0,0.0,0.0,92.0
511,0.2079207920792079,0.1981132075471698,0.2028985507246377,106.0
512,0.5,0.0181818181818181,0.0350877192982456,55.0
513,0.5,0.0503597122302158,0.0915032679738562,139.0
514,0.050632911392405,0.1523809523809524,0.0760095011876484,105.0
515,0.1352405721716515,0.6582278481012658,0.2243797195253505,158.0
516,0.6666666666666666,0.02,0.0388349514563106,100.0
517,0.4375,0.0736842105263157,0.1261261261261261,95.0
518,0.7589743589743589,0.6757990867579908,0.714975845410628,219.0
519,0.1315240083507307,0.3795180722891566,0.1953488372093023,166.0
520,0.4741379310344827,0.2546296296296296,0.3313253012048193,216.0
521,0.1587301587301587,0.196078431372549,0.1754385964912281,102.0
522,0.2624113475177305,0.6666666666666666,0.376590330788804,111.0
523,0.7058823529411765,0.0833333333333333,0.1490683229813664,144.0
524,0.2575757575757575,0.3893129770992366,0.3100303951367781,262.0
525,0.2318435754189944,0.5724137931034483,0.3300198807157057,145.0
526,0.3181818181818182,0.047945205479452,0.0833333333333333,146.0
527,0.6564102564102564,0.4794007490636704,0.5541125541125541,267.0
528,0.3246753246753247,0.487012987012987,0.3896103896103896,154.0
529,0.75,0.18,0.2903225806451613,150.0
530,0.7279411764705882,0.4159663865546218,0.5294117647058824,238.0
532,0.2272727272727272,0.2466367713004484,0.2365591397849462,223.0
533,0.1236559139784946,0.0809859154929577,0.0978723404255319,284.0
534,0.5957446808510638,0.2871794871794871,0.3875432525951556,195.0
535,0.3947368421052631,0.1260504201680672,0.1910828025477707,119.0
536,0.4050632911392405,0.2105263157894736,0.277056277056277,152.0
537,0.3636363636363636,0.056338028169014,0.0975609756097561,71.0
538,0.3703703703703703,0.0769230769230769,0.1273885350318471,130.0
539,0.375,0.088235294117647,0.1428571428571428,136.0
540,0.1045576407506702,0.325,0.1582150101419878,120.0
541,0.2857142857142857,0.1428571428571428,0.1904761904761904,14.0
542,0.1538461538461538,0.0946745562130177,0.1172161172161172,169.0
543,0.3043478260869565,0.0583333333333333,0.0979020979020978,120.0
544,0.4761904761904761,0.059171597633136,0.1052631578947368,169.0
545,0.4285714285714285,0.032258064516129,0.06,93.0
546,0.4921465968586387,0.3309859154929577,0.3957894736842106,284.0
547,0.2037914691943128,0.3115942028985507,0.2464183381088825,138.0
548,0.1724137931034483,0.1162790697674418,0.1388888888888889,43.0
549,0.6111111111111112,0.0769230769230769,0.1366459627329192,143.0
550,0.3333333333333333,0.4117647058823529,0.3684210526315788,204.0
551,0.5,0.0123456790123456,0.0240963855421686,162.0
552,0.1491228070175438,0.1338582677165354,0.1410788381742738,127.0
553,0.2686567164179104,0.1451612903225806,0.1884816753926702,124.0
555,0.3333333333333333,0.0091743119266055,0.0178571428571428,109.0
556,0.3741935483870968,0.4113475177304964,0.3918918918918919,141.0
557,0.175438596491228,0.091743119266055,0.1204819277108433,109.0
558,0.4046242774566474,0.3517587939698492,0.3763440860215054,199.0
559,0.2077922077922078,0.1300813008130081,0.16,123.0
560,1.0,0.0125,0.0246913580246913,80.0
561,0.1228373702422145,0.4765100671140939,0.1953232462173315,149.0
562,0.5263157894736842,0.0617283950617283,0.1104972375690607,162.0
563,0.3818181818181818,0.3134328358208955,0.3442622950819672,67.0
564,0.6190476190476191,0.2857142857142857,0.3909774436090225,182.0
565,0.5813953488372093,0.5524861878453039,0.56657223796034,181.0
566,0.3578947368421052,0.5528455284552846,0.4345047923322683,123.0
567,0.313953488372093,0.1459459459459459,0.1992619926199262,185.0
568,0.8333333333333334,0.0649350649350649,0.1204819277108433,77.0
569,0.4210526315789473,0.0634920634920634,0.1103448275862069,126.0
570,0.3575129533678756,0.5369649805447471,0.4292379471228615,257.0
571,0.3846153846153846,0.0824175824175824,0.1357466063348416,182.0
572,0.4117647058823529,0.0721649484536082,0.1228070175438596,97.0
573,0.1851851851851851,0.0490196078431372,0.0775193798449612,102.0
574,0.4523809523809524,0.3220338983050847,0.3762376237623762,118.0
575,0.3170731707317073,0.3291139240506329,0.3229813664596273,237.0
576,0.3953488372093023,0.0772727272727272,0.1292775665399239,220.0
577,0.275,0.1222222222222222,0.1692307692307692,90.0
578,0.1641791044776119,0.0484581497797356,0.0748299319727891,227.0
579,0.4416666666666666,0.3840579710144927,0.4108527131782946,138.0
580,0.3529411764705882,0.1043478260869565,0.1610738255033557,115.0
581,0.2933673469387755,0.5778894472361809,0.38917089678511,199.0
582,0.1538461538461538,0.1,0.1212121212121212,40.0
583,0.3333333333333333,0.023076923076923,0.0431654676258992,130.0
584,0.1698113207547169,0.2608695652173913,0.2057142857142856,69.0
585,0.2533333333333333,0.3220338983050847,0.2835820895522388,59.0
586,0.4285714285714285,0.1420118343195266,0.2133333333333333,169.0
588,0.7681159420289855,0.6523076923076923,0.7054908485856904,325.0
589,0.5,0.0158730158730158,0.0307692307692307,63.0
590,0.4444444444444444,0.0493827160493827,0.0888888888888888,162.0
591,0.265625,0.1566820276497695,0.1971014492753623,217.0
592,0.4680851063829787,0.25,0.3259259259259259,176.0
593,0.1285714285714285,0.1363636363636363,0.1323529411764705,66.0
594,1.0,0.0777777777777777,0.1443298969072165,90.0
595,0.4444444444444444,0.054054054054054,0.0963855421686747,148.0
596,0.5515463917525774,0.6407185628742516,0.592797783933518,167.0
597,0.375,0.0194805194805194,0.037037037037037,154.0
598,0.247191011235955,0.0808823529411764,0.1218836565096953,272.0
599,0.4666666666666667,0.0534351145038167,0.0958904109589041,131.0
600,0.4464285714285714,0.1543209876543209,0.2293577981651376,162.0
601,0.1271186440677966,0.1271186440677966,0.1271186440677966,118.0
602,0.0,0.0,0.0,35.0
603,0.2875,0.1483870967741935,0.1957446808510638,155.0
604,0.2962962962962963,0.074074074074074,0.1185185185185185,108.0
605,0.0,0.0,0.0,169.0
606,0.3333333333333333,0.0434782608695652,0.0769230769230769,69.0
607,0.75,0.0371517027863777,0.0707964601769911,323.0
608,0.391304347826087,0.1058823529411764,0.1666666666666666,85.0
609,0.1270983213429256,0.2431192660550458,0.1669291338582677,218.0
610,0.2111801242236025,0.2035928143712574,0.2073170731707317,167.0
611,0.2987012987012987,0.4791666666666667,0.368,48.0
612,0.303030303030303,0.2857142857142857,0.2941176470588235,105.0
613,0.2962962962962963,0.1194029850746268,0.1702127659574468,134.0
614,0.2647058823529412,0.12,0.165137614678899,75.0
616,0.0972222222222222,0.0985915492957746,0.0979020979020979,71.0
617,0.3636363636363636,0.032520325203252,0.0597014925373134,246.0
618,0.21875,0.3146067415730337,0.2580645161290322,89.0
620,0.4345991561181435,0.4703196347031963,0.4517543859649122,219.0
621,0.5046728971962616,0.3176470588235294,0.3898916967509024,170.0
622,0.2448979591836734,0.1176470588235294,0.1589403973509933,102.0
623,0.3125,0.1479289940828402,0.2008032128514056,169.0
624,0.5983606557377049,0.6431718061674009,0.6199575371549894,227.0
625,0.1018518518518518,0.0758620689655172,0.0869565217391304,145.0
626,0.48,0.058252427184466,0.1038961038961039,206.0
627,0.4193548387096774,0.1444444444444444,0.2148760330578512,90.0
628,0.5,0.0357142857142857,0.0666666666666666,56.0
629,0.0483091787439613,0.1785714285714285,0.0760456273764258,56.0
630,0.2424242424242424,0.0615384615384615,0.0981595092024539,130.0
631,0.3379501385041551,0.4013157894736842,0.3669172932330827,304.0
632,0.3571428571428571,0.1030927835051546,0.16,97.0
633,0.4285714285714285,0.0483870967741935,0.0869565217391304,62.0
634,0.3939393939393939,0.1969696969696969,0.2626262626262626,132.0
635,0.5625,0.0532544378698224,0.0972972972972972,169.0
636,0.189873417721519,0.1657458563535911,0.1769911504424778,181.0
637,0.4166666666666667,0.0267379679144385,0.050251256281407,187.0
638,0.287037037037037,0.2627118644067797,0.2743362831858407,118.0
639,0.1666666666666666,0.0714285714285714,0.1,14.0
640,0.3777777777777777,0.1888888888888888,0.2518518518518518,90.0
641,0.4285714285714285,0.0514285714285714,0.0918367346938775,175.0
642,0.8,0.0333333333333333,0.064,120.0
643,0.2222222222222222,0.1311475409836065,0.1649484536082474,61.0
644,0.5241379310344828,0.5277777777777778,0.5259515570934257,144.0
645,0.3529411764705882,0.0375,0.0677966101694915,160.0
646,0.3696969696969697,0.3652694610778443,0.3674698795180722,167.0
647,0.1988304093567251,0.1708542713567839,0.1837837837837838,199.0
648,0.3636363636363636,0.0909090909090909,0.1454545454545454,132.0
649,0.3243243243243243,0.1188118811881188,0.1739130434782608,101.0
650,0.25,0.1472081218274111,0.1853035143769968,197.0
651,0.3617021276595745,0.0739130434782608,0.1227436823104693,230.0
652,0.3875,0.2262773722627737,0.2857142857142857,137.0
653,0.1764705882352941,0.0303030303030303,0.0517241379310344,99.0
654,0.5405405405405406,0.0952380952380952,0.1619433198380566,210.0
655,0.2903225806451613,0.1343283582089552,0.1836734693877551,67.0
656,0.3235294117647059,0.079136690647482,0.1271676300578034,139.0
657,0.3571428571428571,0.1048951048951049,0.1621621621621621,143.0
658,0.4296577946768061,0.5678391959798995,0.4891774891774892,199.0
659,0.5566037735849056,0.3105263157894737,0.3986486486486486,190.0
660,0.15625,0.1063829787234042,0.1265822784810126,94.0
661,0.1914893617021276,0.1666666666666666,0.1782178217821781,108.0
662,0.4576271186440678,0.6605504587155964,0.5406758448060075,327.0
663,0.1538461538461538,0.0555555555555555,0.0816326530612245,108.0
664,0.6,0.045,0.0837209302325581,200.0
665,0.3265306122448979,0.32,0.3232323232323232,150.0
666,0.1076388888888889,0.2167832167832167,0.1438515081206496,143.0
667,0.3333333333333333,0.0203045685279187,0.0382775119617224,197.0
668,0.4024390243902439,0.3666666666666666,0.3837209302325581,180.0
669,0.1724137931034483,0.1633986928104575,0.1677852348993288,153.0
670,0.4752475247524752,0.5748502994011976,0.5203252032520324,167.0
671,0.6395348837209303,0.3179190751445087,0.4247104247104247,173.0
672,0.2272727272727272,0.0483091787439613,0.0796812749003984,207.0
673,0.45,0.0584415584415584,0.1034482758620689,154.0
674,0.3548387096774194,0.0431372549019607,0.0769230769230769,255.0
675,0.3251231527093596,0.3728813559322034,0.3473684210526316,177.0
676,0.75,0.0215827338129496,0.0419580419580419,139.0
677,0.1978021978021978,0.158590308370044,0.1760391198044009,227.0
678,0.4545454545454545,0.1052631578947368,0.1709401709401709,95.0
679,0.2857142857142857,0.0837696335078534,0.1295546558704453,191.0
680,0.5384615384615384,0.0707070707070707,0.125,99.0
681,0.3333333333333333,0.1214953271028037,0.1780821917808219,107.0
682,0.35,0.3835616438356164,0.3660130718954248,146.0
683,0.2150170648464164,0.3620689655172414,0.2698072805139186,174.0
684,0.419047619047619,0.5057471264367817,0.4583333333333333,261.0
685,0.4113924050632911,0.4248366013071895,0.4180064308681672,153.0
686,0.4,0.0238095238095238,0.0449438202247191,168.0
687,0.490625,0.596958174904943,0.5385934819897084,263.0
688,0.4,0.1294964028776978,0.1956521739130435,139.0
689,0.2,0.0101010101010101,0.0192307692307692,99.0
690,0.4338235294117647,0.36875,0.3986486486486486,160.0
691,0.4117647058823529,0.0769230769230769,0.1296296296296296,91.0
692,0.4,0.0149253731343283,0.0287769784172661,134.0
693,0.5537974683544303,0.6505576208178439,0.5982905982905983,269.0
694,0.0685714285714285,0.24,0.1066666666666666,100.0
695,0.5581395348837209,0.0892193308550185,0.1538461538461538,269.0
696,0.1823361823361823,0.4507042253521127,0.2596348884381338,142.0
697,0.6086956521739131,0.0818713450292397,0.1443298969072164,171.0
698,0.0,0.0,0.0,81.0
699,0.5375722543352601,0.6326530612244898,0.58125,294.0
700,0.5,0.0166666666666666,0.032258064516129,60.0
701,0.3,0.0412844036697247,0.0725806451612903,218.0
702,0.3333333333333333,0.0289855072463768,0.0533333333333333,69.0
703,0.3181818181818182,0.0404624277456647,0.0717948717948718,173.0
704,0.3125,0.196078431372549,0.2409638554216867,102.0
705,0.4338235294117647,0.2979797979797979,0.3532934131736526,198.0
706,0.180722891566265,0.0655021834061135,0.0961538461538461,229.0
707,0.25,0.1044776119402985,0.1473684210526316,67.0
708,0.3125,0.0909090909090909,0.1408450704225352,55.0
709,0.1428571428571428,0.0434782608695652,0.0666666666666666,23.0
710,0.5,0.0204081632653061,0.0392156862745097,98.0
711,0.6153846153846154,0.0402010050251256,0.0754716981132075,199.0
712,0.25,0.0158730158730158,0.0298507462686567,126.0
713,0.4081632653061224,0.1290322580645161,0.196078431372549,155.0
714,0.1026392961876832,0.3125,0.1545253863134657,224.0
715,0.1444444444444444,0.064039408866995,0.0887372013651877,203.0
716,0.1428571428571428,0.1568627450980392,0.1495327102803738,153.0
717,0.2903225806451613,0.1353383458646616,0.1846153846153846,133.0
718,0.1619718309859155,0.1513157894736842,0.1564625850340136,152.0
719,0.3529411764705882,0.0631578947368421,0.1071428571428571,190.0
720,0.5323529411764706,0.7298387096774194,0.6156462585034014,248.0
721,0.1578947368421052,0.0422535211267605,0.0666666666666666,71.0
722,0.0,0.0,0.0,65.0
723,0.4489795918367347,0.4370860927152318,0.4429530201342281,151.0
724,0.3846153846153846,0.0231481481481481,0.0436681222707423,216.0
725,0.25,0.0384615384615384,0.0666666666666666,52.0
726,0.3819444444444444,0.3666666666666666,0.3741496598639455,150.0
727,0.6086956521739131,0.5185185185185185,0.5599999999999999,135.0
728,0.6470588235294118,0.1089108910891089,0.1864406779661017,101.0
729,0.1129032258064516,0.1902173913043478,0.1417004048582996,184.0
730,0.09,0.0538922155688622,0.0674157303370786,167.0
731,0.625,0.0526315789473684,0.0970873786407767,95.0
732,0.3529411764705882,0.0472440944881889,0.0833333333333333,127.0
733,0.4068965517241379,0.2532188841201717,0.3121693121693122,233.0
734,0.4705882352941176,0.1893491124260355,0.270042194092827,169.0
735,0.4126213592233009,0.3881278538812785,0.3999999999999999,219.0
736,0.3829787234042553,0.1016949152542373,0.1607142857142857,177.0
737,0.1176470588235294,0.0615384615384615,0.0808080808080808,130.0
738,0.52,0.1969696969696969,0.2857142857142856,132.0
739,0.255,0.2615384615384615,0.2582278481012658,195.0
740,0.5641025641025641,0.4347826086956521,0.4910714285714286,253.0
741,0.4941176470588235,0.6116504854368932,0.5466377440347071,206.0
742,0.43,0.1853448275862069,0.2590361445783132,232.0
743,0.0497427101200686,0.18125,0.0780619111709286,160.0
744,0.5384615384615384,0.0334928229665071,0.063063063063063,209.0
745,0.2142857142857142,0.03,0.0526315789473684,100.0
746,0.1526717557251908,0.1818181818181818,0.1659751037344398,220.0
747,0.3809523809523809,0.0470588235294117,0.0837696335078534,170.0
748,0.52,0.1083333333333333,0.1793103448275862,120.0
749,0.4375,0.0625,0.109375,112.0
750,0.5671641791044776,0.5327102803738317,0.5493975903614458,214.0
751,0.0697674418604651,0.3620689655172414,0.116991643454039,116.0
752,0.710691823899371,0.4977973568281938,0.5854922279792746,227.0
753,0.5306122448979592,0.4110671936758893,0.4632516703786192,253.0
754,0.2491289198606271,0.6033755274261603,0.3526510480887793,237.0
755,0.6222222222222222,0.3660130718954248,0.4609053497942386,153.0
756,0.5,0.0276243093922651,0.0523560209424083,181.0
757,0.1884057971014492,0.3679245283018867,0.2492012779552715,106.0
758,0.1568627450980392,0.2010050251256281,0.1762114537444934,199.0
759,0.4444444444444444,0.2834645669291338,0.3461538461538462,127.0
760,0.4722222222222222,0.0561056105610561,0.1002949852507374,303.0
761,0.5486111111111112,0.43646408839779,0.4861538461538461,181.0
762,0.44,0.0964912280701754,0.158273381294964,114.0
763,0.2222222222222222,0.081081081081081,0.1188118811881188,74.0
764,0.2533783783783784,0.4189944134078212,0.3157894736842105,179.0
765,0.4086021505376344,0.2533333333333333,0.3127572016460905,150.0
766,0.2424242424242424,0.0316205533596837,0.0559440559440559,253.0
767,0.2142857142857142,0.0576923076923076,0.0909090909090909,52.0
768,0.4444444444444444,0.0555555555555555,0.0987654320987654,144.0
769,0.5283018867924528,0.4324324324324324,0.475583864118896,259.0
770,0.3684210526315789,0.0654205607476635,0.111111111111111,107.0
771,0.0,0.0,0.0,115.0
772,0.6,0.0472440944881889,0.0875912408759124,127.0
773,0.6721311475409836,0.3059701492537313,0.4205128205128205,134.0
774,0.2727272727272727,0.0267857142857142,0.048780487804878,112.0
775,0.3975903614457831,0.2882096069868995,0.3341772151898734,229.0
776,0.4285714285714285,0.1282051282051282,0.1973684210526315,234.0
777,0.2666666666666666,0.0594059405940594,0.097165991902834,202.0
778,0.7962962962962963,0.4623655913978494,0.5850340136054422,93.0
779,0.2526315789473684,0.2807017543859649,0.2659279778393351,171.0
780,0.5,0.0288461538461538,0.0545454545454545,104.0
781,0.2115384615384615,0.0956521739130434,0.1317365269461077,115.0
782,0.6071428571428571,0.2440191387559808,0.3481228668941979,209.0
783,0.625,0.0561797752808988,0.1030927835051546,178.0
784,0.4125,0.1126279863481228,0.1769436997319034,293.0
785,0.5774647887323944,0.7765151515151515,0.6623586429725363,264.0
786,0.15,0.0612244897959183,0.0869565217391304,49.0
787,0.2647058823529412,0.108433734939759,0.1538461538461538,83.0
788,0.4666666666666667,0.1555555555555555,0.2333333333333333,45.0
789,0.8271604938271605,0.3722222222222222,0.5134099616858238,180.0
790,0.3255813953488372,0.1076923076923077,0.1618497109826589,130.0
791,1.0,0.0161290322580645,0.0317460317460317,124.0
792,0.3529411764705882,0.1121495327102803,0.1702127659574468,107.0
793,0.1194029850746268,0.2790697674418604,0.1672473867595818,86.0
795,0.34375,0.180327868852459,0.2365591397849462,122.0
796,0.2058823529411764,0.1228070175438596,0.1538461538461538,57.0
797,0.6,0.2222222222222222,0.3243243243243243,216.0
798,0.3333333333333333,0.1538461538461538,0.2105263157894736,78.0
799,0.3508771929824561,0.081967213114754,0.1328903654485049,244.0
800,0.2197802197802197,0.1785714285714285,0.1970443349753694,112.0
801,0.8,0.0251572327044025,0.048780487804878,159.0
802,0.4166666666666667,0.131578947368421,0.1999999999999999,114.0
803,1.0,0.0104166666666666,0.0206185567010309,192.0
804,0.5,0.0061349693251533,0.0121212121212121,163.0
805,0.3214285714285714,0.072,0.1176470588235294,125.0
806,0.448,0.3333333333333333,0.3822525597269624,168.0
807,0.5,0.0149253731343283,0.0289855072463768,67.0
808,0.527027027027027,0.6062176165803109,0.5638554216867468,193.0
809,0.8,0.0207253886010362,0.0404040404040404,193.0
810,0.6907216494845361,0.4527027027027027,0.5469387755102041,148.0
811,0.4375,0.053030303030303,0.0945945945945946,132.0
812,0.2758620689655172,0.3096774193548387,0.2917933130699088,155.0
813,0.5333333333333333,0.0579710144927536,0.1045751633986928,138.0
814,0.6060606060606061,0.106951871657754,0.1818181818181818,187.0
815,0.6814814814814815,0.3607843137254902,0.4717948717948718,255.0
816,0.4,0.0588235294117647,0.1025641025641025,34.0
817,0.2545454545454545,0.2372881355932203,0.2456140350877192,118.0
818,0.6296296296296297,0.0885416666666666,0.1552511415525114,192.0
819,0.375,0.2307692307692307,0.2857142857142857,78.0
820,0.1368421052631579,0.2203389830508474,0.1688311688311688,118.0
821,0.7559808612440191,0.6448979591836734,0.6960352422907489,245.0
822,0.6153846153846154,0.1777777777777777,0.2758620689655172,45.0
823,0.5372340425531915,0.4122448979591837,0.4665127020785219,245.0
824,0.5,0.3948497854077253,0.4412470023980815,233.0
825,0.303030303030303,0.15625,0.2061855670103092,64.0
827,0.4636871508379888,0.3373983739837398,0.3905882352941177,246.0
828,0.5,0.0384615384615384,0.0714285714285714,104.0
829,0.0,0.0,0.0,99.0
830,0.2271293375394321,0.3333333333333333,0.2701688555347092,216.0
831,0.8198757763975155,0.6633165829145728,0.7333333333333333,199.0
832,0.2631578947368421,0.0381679389312977,0.0666666666666666,131.0
833,0.3636363636363636,0.0888888888888888,0.1428571428571428,90.0
834,0.2,0.2307692307692307,0.2142857142857142,26.0
835,0.4285714285714285,0.0625,0.109090909090909,96.0
836,0.5084745762711864,0.6338028169014085,0.5642633228840126,142.0
837,0.0,0.0,0.0,261.0
838,0.625,0.025,0.048076923076923,200.0
839,0.4871794871794871,0.075098814229249,0.1301369863013698,253.0
840,0.3157894736842105,0.0975609756097561,0.1490683229813664,123.0
841,0.3529411764705882,0.0779220779220779,0.1276595744680851,154.0
842,0.6,0.3861386138613861,0.4698795180722891,202.0
843,0.2307692307692307,0.0410958904109589,0.0697674418604651,146.0
844,0.1,0.008695652173913,0.016,115.0
845,0.2368421052631578,0.0967741935483871,0.1374045801526717,93.0
846,0.3214285714285714,0.2571428571428571,0.2857142857142857,35.0
847,0.5151515151515151,0.1691542288557214,0.2546816479400749,201.0
848,0.0227272727272727,0.0329670329670329,0.0269058295964125,91.0
849,0.3333333333333333,0.0483870967741935,0.0845070422535211,62.0
850,0.2650602409638554,0.2156862745098039,0.2378378378378378,102.0
851,0.3333333333333333,0.0294117647058823,0.054054054054054,102.0
852,0.25,0.015625,0.0294117647058823,64.0
853,0.48,0.6363636363636364,0.5472312703583062,132.0
854,0.5981308411214953,0.4129032258064516,0.4885496183206106,155.0
855,0.5369127516778524,0.4371584699453552,0.4819277108433735,183.0
856,0.5714285714285714,0.0421052631578947,0.0784313725490196,95.0
857,0.3061224489795918,0.470383275261324,0.3708791208791209,287.0
858,0.3142857142857143,0.1264367816091954,0.180327868852459,87.0
859,0.3272727272727272,0.0923076923076923,0.144,195.0
860,0.3333333333333333,0.0666666666666666,0.1111111111111111,90.0
861,0.0888888888888888,0.0396039603960396,0.0547945205479452,101.0
862,0.5625,0.079646017699115,0.1395348837209302,113.0
863,0.2097902097902098,0.2205882352941176,0.2150537634408602,136.0
864,0.4095744680851064,0.3248945147679324,0.3623529411764706,237.0
866,0.3219178082191781,0.408695652173913,0.3601532567049809,115.0
867,0.3809523809523809,0.448,0.411764705882353,125.0
868,0.4461538461538462,0.5253623188405797,0.4825291181364392,276.0
869,0.2105263157894736,0.2442748091603053,0.2261484098939929,131.0
870,0.3216374269005848,0.2546296296296296,0.2842377260981912,216.0
871,0.1257485029940119,0.1024390243902439,0.1129032258064516,205.0
872,0.4890510948905109,0.2418772563176895,0.323671497584541,277.0
873,0.3073929961089494,0.5563380281690141,0.3959899749373433,142.0
874,0.7857142857142857,0.1111111111111111,0.1946902654867256,99.0
875,0.2456140350877192,0.1473684210526315,0.1842105263157894,95.0
876,0.6875,0.0802919708029197,0.1437908496732026,137.0
877,0.3,0.0944881889763779,0.1437125748502994,127.0
878,0.3894736842105263,0.1298245614035087,0.1947368421052631,285.0
879,0.345679012345679,0.2204724409448819,0.2692307692307692,127.0
880,0.1944444444444444,0.1779661016949152,0.1858407079646017,118.0
881,0.0603448275862069,0.1272727272727272,0.0818713450292397,55.0
882,0.4482758620689655,0.1382978723404255,0.2113821138211382,188.0
883,0.204,0.2897727272727273,0.2394366197183098,176.0
884,0.2608695652173913,0.4945054945054945,0.3415559772296014,182.0
885,0.3448275862068966,0.1162790697674418,0.1739130434782608,86.0
886,0.4789915966386555,0.3677419354838709,0.4160583941605839,155.0
887,0.1457286432160804,0.2577777777777778,0.1861958266452648,225.0
888,0.6346153846153846,0.5176470588235295,0.5701943844492441,255.0
889,0.4137931034482758,0.1034482758620689,0.1655172413793103,116.0
890,0.4285714285714285,0.0165745856353591,0.0319148936170212,181.0
891,0.7345971563981043,0.6300813008130082,0.6783369803063457,246.0
892,0.2777777777777778,0.0746268656716417,0.1176470588235294,67.0
893,0.4130434782608695,0.1623931623931624,0.2331288343558282,117.0
894,0.375,0.0405405405405405,0.073170731707317,74.0
895,0.2546125461254612,0.5111111111111111,0.3399014778325123,270.0
896,0.2457627118644068,0.2,0.2205323193916349,145.0
897,0.4,0.0838323353293413,0.1386138613861386,167.0
898,0.5975609756097561,0.5185185185185185,0.5552407932011331,189.0
899,0.462046204620462,0.498220640569395,0.4794520547945205,281.0
900,0.3228346456692913,0.3867924528301887,0.351931330472103,106.0
901,0.5238095238095238,0.1271676300578034,0.2046511627906976,173.0
902,0.223175965665236,0.4684684684684684,0.3023255813953489,111.0
903,0.25,0.1052631578947368,0.1481481481481481,95.0
904,0.4666666666666667,0.2592592592592592,0.3333333333333333,189.0
905,0.5,0.0166666666666666,0.032258064516129,60.0
906,0.052584670231729,0.4184397163120567,0.0934283452098179,141.0
907,0.6095890410958904,0.4517766497461929,0.5189504373177842,197.0
908,0.1304347826086956,0.0845070422535211,0.1025641025641025,71.0
909,0.3181818181818182,0.1166666666666666,0.1707317073170731,120.0
910,0.1011235955056179,0.1294964028776978,0.113564668769716,139.0
911,0.3025,0.5330396475770925,0.3859649122807018,227.0
912,0.0666666666666666,0.1454545454545454,0.0914285714285714,55.0
913,0.4307692307692308,0.2718446601941747,0.3333333333333333,103.0
914,0.3211678832116788,0.3034482758620689,0.3120567375886525,145.0
915,0.75625,0.7806451612903226,0.7682539682539682,155.0
916,0.28,0.0564516129032258,0.0939597315436241,124.0
917,0.2054380664652568,0.576271186440678,0.3028953229398664,236.0
918,0.28,0.0636363636363636,0.1037037037037037,110.0
919,0.2727272727272727,0.0159574468085106,0.0301507537688442,188.0
920,0.282051282051282,0.0814814814814814,0.1264367816091954,135.0
921,0.5,0.05,0.0909090909090909,20.0
922,0.3823529411764705,0.2085561497326203,0.2698961937716263,187.0
923,0.7873563218390804,0.6088888888888889,0.68671679197995,225.0
924,0.4021739130434782,0.5606060606060606,0.4683544303797468,132.0
925,0.7874015748031497,0.4081632653061224,0.5376344086021506,245.0
926,0.8,0.0526315789473684,0.0987654320987654,76.0
927,0.7058823529411765,0.0863309352517985,0.1538461538461538,139.0
928,0.3055555555555556,0.2444444444444444,0.2716049382716049,135.0
929,0.5434782608695652,0.3472222222222222,0.423728813559322,144.0
930,0.4923076923076923,0.1893491124260355,0.2735042735042735,169.0
931,0.1161290322580645,0.2093023255813953,0.1493775933609958,86.0
932,0.4347826086956521,0.091743119266055,0.1515151515151515,109.0
933,0.3413173652694611,0.3454545454545454,0.3433734939759036,165.0
934,0.2837837837837837,0.1544117647058823,0.2,136.0
935,0.1517241379310344,0.2222222222222222,0.180327868852459,99.0
936,0.1538461538461538,0.391304347826087,0.2208588957055214,184.0
937,0.4833333333333333,0.4578947368421052,0.4702702702702703,190.0
938,0.4074074074074074,0.1122448979591836,0.176,98.0
939,0.4285714285714285,0.0410958904109589,0.075,73.0
940,0.5238095238095238,0.6368421052631579,0.5748218527315915,190.0
941,0.3142857142857143,0.1157894736842105,0.1692307692307692,95.0
942,0.0421052631578947,0.054054054054054,0.0473372781065088,74.0
943,0.4588235294117647,0.3786407766990291,0.4148936170212766,206.0
944,0.4545454545454545,0.6686046511627907,0.5411764705882354,172.0
945,0.1333333333333333,0.1590909090909091,0.1450777202072538,88.0
946,0.573394495412844,0.5341880341880342,0.5530973451327434,234.0
947,0.3333333333333333,0.05,0.0869565217391304,60.0
948,0.4444444444444444,0.0677966101694915,0.1176470588235294,118.0
949,0.3787878787878788,0.2358490566037736,0.2906976744186046,106.0
950,0.6194690265486725,0.3825136612021858,0.4729729729729729,183.0
951,0.5073170731707317,0.6624203821656051,0.574585635359116,157.0
952,0.1,0.0129870129870129,0.0229885057471264,77.0
953,0.3666666666666666,0.0916666666666666,0.1466666666666666,120.0
954,0.3448275862068966,0.131578947368421,0.1904761904761905,76.0
955,0.0821917808219178,0.24,0.1224489795918367,50.0
956,0.3866666666666666,0.5878378378378378,0.4664879356568364,148.0
957,0.3333333333333333,0.0517241379310344,0.0895522388059701,58.0
958,0.4552238805970149,0.3885350318471338,0.4192439862542955,157.0
959,0.1724137931034483,0.1463414634146341,0.1583113456464379,205.0
960,0.3,0.0382165605095541,0.0677966101694915,157.0
961,0.3043478260869565,0.0503597122302158,0.0864197530864197,139.0
962,0.5106382978723404,0.3902439024390244,0.4423963133640553,123.0
963,0.2283464566929134,0.125,0.1615598885793872,232.0
964,0.5625,0.5963855421686747,0.5789473684210528,166.0
965,0.6626506024096386,0.2052238805970149,0.3133903133903134,268.0
966,0.2666666666666666,0.0317460317460317,0.0567375886524822,126.0
967,0.5714285714285714,0.0396039603960396,0.074074074074074,101.0
968,0.2894736842105263,0.1341463414634146,0.1833333333333333,82.0
969,0.4468085106382978,0.3,0.358974358974359,140.0
970,0.25,0.024390243902439,0.0444444444444444,82.0
971,0.1481481481481481,0.0754716981132075,0.1,53.0
972,0.4444444444444444,0.0618556701030927,0.1085972850678733,194.0
973,0.5681818181818182,0.2525252525252525,0.3496503496503497,297.0
974,0.4117647058823529,0.0324074074074074,0.0600858369098712,216.0
975,0.1839080459770115,0.1269841269841269,0.1502347417840375,126.0
976,0.4269662921348314,0.4550898203592814,0.4405797101449275,167.0
977,0.3703703703703703,0.1219512195121951,0.18348623853211,82.0
978,0.2292993630573248,0.4161849710982659,0.295687885010267,173.0
979,0.1866028708133971,0.3046875,0.2314540059347181,128.0
980,0.036036036036036,0.1052631578947368,0.0536912751677852,38.0
981,0.5,0.0933333333333333,0.1573033707865168,75.0
982,0.0,0.0,0.0,62.0
983,0.3396226415094339,0.1463414634146341,0.2045454545454545,123.0
984,0.3262548262548262,0.7253218884120172,0.4500665778961386,233.0
985,0.5277777777777778,0.1283783783783783,0.2065217391304347,148.0
986,0.3333333333333333,0.0363636363636363,0.0655737704918032,55.0
987,0.2105263157894736,0.0454545454545454,0.0747663551401869,88.0
988,0.4545454545454545,0.03125,0.0584795321637426,160.0
989,0.1912568306010929,0.217391304347826,0.2034883720930232,161.0
990,0.574468085106383,0.6428571428571429,0.6067415730337079,210.0
991,0.4,0.1136363636363636,0.1769911504424778,88.0
992,0.5,0.0384615384615384,0.0714285714285714,52.0
993,0.4347826086956521,0.078125,0.1324503311258278,128.0
994,0.2365591397849462,0.1392405063291139,0.1752988047808765,158.0
995,0.3734939759036144,0.1573604060913705,0.2214285714285714,197.0
996,0.6796116504854369,0.358974358974359,0.4697986577181208,195.0
997,0.4382022471910112,0.3070866141732283,0.3611111111111111,127.0
998,0.4172185430463576,0.3795180722891566,0.3974763406940064,166.0
999,0.4939024390243902,0.4263157894736842,0.4576271186440678,190.0
1000,0.4965986394557823,0.3067226890756303,0.3792207792207793,238.0
1001,0.646551724137931,0.2403846153846154,0.3504672897196261,312.0
1002,0.047951176983435,0.2226720647773279,0.078909612625538,247.0
1003,0.3076923076923077,0.056338028169014,0.0952380952380952,71.0
1004,0.3636363636363636,0.0579710144927536,0.1,69.0
1005,0.2138364779874214,0.1827956989247312,0.1971014492753623,186.0
1006,0.2,0.0201342281879194,0.0365853658536585,149.0
1007,0.0,0.0,0.0,234.0
1008,0.0909090909090909,0.04,0.0555555555555555,50.0
1009,0.4242424242424242,0.1176470588235294,0.1842105263157895,119.0
1010,0.3,0.1153846153846153,0.1666666666666666,52.0
1011,0.6190476190476191,0.1625,0.2574257425742574,80.0
1012,0.5251396648044693,0.6762589928057554,0.5911949685534591,139.0
1013,0.0,0.0,0.0,67.0
1014,0.4658119658119658,0.615819209039548,0.5304136253041363,177.0
1015,0.0833333333333333,0.0363636363636363,0.050632911392405,55.0
1016,0.2808988764044944,0.1269035532994923,0.1748251748251748,197.0
1017,0.3846153846153846,0.0316455696202531,0.0584795321637427,158.0
1018,0.3448275862068966,0.5161290322580645,0.41343669250646,155.0
1019,0.5714285714285714,0.0273972602739726,0.0522875816993464,292.0
1020,0.375,0.036144578313253,0.0659340659340659,83.0
1021,0.4736842105263157,0.0461538461538461,0.0841121495327102,195.0
1022,0.2972972972972973,0.1375,0.188034188034188,80.0
1023,0.1801801801801801,0.1111111111111111,0.1374570446735395,180.0
1024,0.0909090909090909,0.005181347150259,0.0098039215686274,193.0
1025,0.325,0.3170731707317073,0.3209876543209877,164.0
1026,0.4067796610169492,0.2807017543859649,0.3321799307958477,171.0
1027,1.0,0.0048076923076923,0.0095693779904306,208.0
1028,0.1952662721893491,0.2704918032786885,0.2268041237113402,122.0
1029,0.3432835820895522,0.0864661654135338,0.1381381381381381,266.0
1030,0.3,0.0483870967741935,0.0833333333333333,62.0
1031,0.375,0.1079136690647482,0.1675977653631284,139.0
1032,0.325,0.0738636363636363,0.1203703703703703,176.0
1033,0.3417721518987341,0.3661016949152542,0.3535188216039279,295.0
1034,0.5,0.0119047619047619,0.0232558139534883,84.0
1035,0.3023255813953488,0.0921985815602836,0.1413043478260869,141.0
1036,0.4166666666666667,0.1052631578947368,0.1680672268907563,95.0
1037,0.2307692307692307,0.05,0.0821917808219178,120.0
1038,0.3333333333333333,0.0350877192982456,0.0634920634920634,57.0
1039,0.1123595505617977,0.0671140939597315,0.0840336134453781,149.0
1040,0.3125,0.0847457627118644,0.1333333333333333,59.0
1041,0.3716216216216216,0.2254098360655737,0.2806122448979591,244.0
1042,0.1379310344827586,0.0727272727272727,0.0952380952380952,55.0
1043,0.2,0.0666666666666666,0.1,60.0
1044,0.460431654676259,0.2655601659751037,0.3368421052631579,241.0
1045,0.4215686274509804,0.2205128205128205,0.2895622895622896,195.0
1046,0.4626865671641791,0.1152416356877323,0.1845238095238095,269.0
1047,0.2470588235294117,0.4012738853503185,0.3058252427184466,157.0
1048,0.0588235294117647,0.0833333333333333,0.0689655172413793,48.0
1049,0.5466666666666666,0.1924882629107981,0.2847222222222222,213.0
1050,0.0971428571428571,0.1133333333333333,0.1046153846153846,150.0
1051,0.2137404580152671,0.2014388489208633,0.2074074074074073,139.0
1052,0.3636363636363636,0.0421052631578947,0.0754716981132075,95.0
1053,0.4464285714285714,0.2155172413793103,0.2906976744186046,116.0
1054,0.2592592592592592,0.0608695652173913,0.0985915492957746,115.0
1055,0.4701492537313433,0.3405405405405405,0.3949843260188088,185.0
1056,0.1561181434599156,0.2661870503597122,0.1968085106382978,139.0
1057,0.3834586466165413,0.5930232558139535,0.4657534246575342,86.0
1058,0.4,0.018018018018018,0.0344827586206896,111.0
1059,0.8,0.0380952380952381,0.0727272727272727,105.0
1060,0.3294797687861271,0.285,0.3056300268096514,200.0
1061,0.3384615384615385,0.1571428571428571,0.2146341463414634,140.0
1062,0.3050847457627119,0.3576158940397351,0.3292682926829268,151.0
1063,0.6666666666666666,0.2577777777777778,0.3717948717948718,225.0
1064,0.2983425414364641,0.5118483412322274,0.3769633507853403,211.0
1065,0.25,0.0289855072463768,0.0519480519480519,69.0
1066,0.3181818181818182,0.1944444444444444,0.2413793103448276,72.0
1067,1.0,0.0393700787401574,0.0757575757575757,127.0
1068,0.1059602649006622,0.073394495412844,0.0867208672086721,218.0
1069,0.4666666666666667,0.1,0.1647058823529412,70.0
1070,0.25,0.009009009009009,0.017391304347826,111.0
1071,0.0975609756097561,0.0493827160493827,0.0655737704918032,81.0
1072,0.1055555555555555,0.1158536585365853,0.1104651162790697,164.0
1073,0.25,0.0198019801980198,0.036697247706422,101.0
1074,0.1551724137931034,0.3,0.2045454545454545,60.0
1075,0.1065989847715736,0.109375,0.1079691516709511,192.0
1076,0.3333333333333333,0.040650406504065,0.072463768115942,123.0
1077,0.75,0.0769230769230769,0.1395348837209302,78.0
1078,0.5714285714285714,0.1176470588235294,0.1951219512195122,34.0
1079,1.0,0.0158730158730158,0.03125,63.0
1080,0.2727272727272727,0.0867052023121387,0.131578947368421,173.0
1081,0.125,0.0059523809523809,0.0113636363636363,168.0
1082,0.2131147540983606,0.0977443609022556,0.134020618556701,133.0
1083,0.3333333333333333,0.0909090909090909,0.1428571428571428,132.0
1084,0.0744680851063829,0.0843373493975903,0.0790960451977401,83.0
1085,0.0509915014164305,0.1132075471698113,0.0703125,159.0
1086,0.241860465116279,0.2765957446808511,0.2580645161290322,188.0
1087,0.2544802867383512,0.4355828220858895,0.3212669683257919,163.0
1088,0.1783783783783784,0.2171052631578947,0.1958456973293768,152.0
1089,0.2280701754385964,0.0663265306122449,0.1027667984189723,196.0
1090,0.3529411764705882,0.0483870967741935,0.0851063829787234,248.0
1091,0.4307304785894206,0.6286764705882353,0.5112107623318386,272.0
1092,0.0311688311688311,0.1111111111111111,0.0486815415821501,108.0
1093,1.0,0.0103092783505154,0.0204081632653061,97.0
1094,0.2083333333333333,0.1834862385321101,0.1951219512195122,109.0
1095,0.375,0.0352941176470588,0.064516129032258,85.0
1096,0.3448275862068966,0.2777777777777778,0.3076923076923077,72.0
1097,0.6101694915254238,0.2891566265060241,0.3923705722070845,249.0
1098,0.2857142857142857,0.0629921259842519,0.1032258064516129,127.0
1099,0.0,0.0,0.0,57.0
1100,0.3333333333333333,0.0075757575757575,0.0148148148148148,132.0
1101,0.2416666666666666,0.232,0.236734693877551,125.0
1102,1.0,0.0344827586206896,0.0666666666666666,58.0
1103,0.7536231884057971,0.6265060240963856,0.6842105263157895,166.0
1104,0.303886925795053,0.5308641975308642,0.3865168539325842,162.0
1106,0.2424242424242424,0.1290322580645161,0.1684210526315789,62.0
1107,0.5119047619047619,0.5029239766081871,0.5073746312684365,171.0
1108,0.2,0.0087719298245614,0.0168067226890756,228.0
1109,0.4098360655737705,0.3205128205128205,0.3597122302158274,234.0
1110,0.5671140939597316,0.5382165605095541,0.5522875816993463,314.0
1111,0.1578947368421052,0.0283018867924528,0.048,106.0
1112,0.525,0.0889830508474576,0.1521739130434782,236.0
1113,0.325,0.4795081967213114,0.3874172185430464,244.0
1115,0.2413793103448276,0.0642201834862385,0.1014492753623188,218.0
1116,0.2352941176470588,0.0963855421686747,0.1367521367521367,83.0
1117,0.2608695652173913,0.0666666666666666,0.1061946902654867,90.0
1118,1.0,0.0057803468208092,0.0114942528735632,173.0
1119,0.1116071428571428,0.0968992248062015,0.1037344398340249,258.0
1120,0.4411764705882353,0.0974025974025974,0.1595744680851064,154.0
1121,0.1875,0.1698113207547169,0.1782178217821782,53.0
1122,0.1962025316455696,0.3875,0.2605042016806723,160.0
1123,0.4285714285714285,0.048780487804878,0.0875912408759124,123.0
1124,0.175,0.0992907801418439,0.1266968325791855,141.0
1125,0.167032967032967,0.5314685314685315,0.2541806020066889,143.0
1126,0.6402116402116402,0.4959016393442623,0.558891454965358,244.0
1127,0.3053892215568862,0.2151898734177215,0.2524752475247525,237.0
1128,0.5625,0.2903225806451613,0.3829787234042554,217.0
1129,0.0981432360742705,0.1541666666666666,0.119935170178282,240.0
1130,0.2,0.0125,0.0235294117647058,160.0
1131,0.0303030303030303,0.0101351351351351,0.0151898734177215,296.0
1132,0.3888888888888889,0.48,0.4296675191815857,175.0
1133,0.5454545454545454,0.0638297872340425,0.1142857142857142,94.0
1134,0.293103448275862,0.1328125,0.1827956989247312,128.0
1135,0.2352941176470588,0.0404040404040404,0.0689655172413793,99.0
1136,0.4090909090909091,0.0743801652892562,0.1258741258741259,121.0
1137,0.4032258064516129,0.5067567567567568,0.4491017964071856,148.0
1138,0.2692307692307692,0.0284552845528455,0.0514705882352941,246.0
1139,0.6666666666666666,0.0262008733624454,0.0504201680672268,229.0
1140,0.0520833333333333,0.0393700787401574,0.0448430493273542,127.0
1141,0.5,0.0454545454545454,0.0833333333333333,88.0
1142,0.2340425531914893,0.2222222222222222,0.2279792746113989,198.0
1143,0.5,0.0392156862745098,0.0727272727272727,102.0
1144,0.7530864197530864,0.6777777777777778,0.7134502923976608,270.0
1145,0.4166666666666667,0.0555555555555555,0.0980392156862745,90.0
1146,0.5420560747663551,0.2510822510822511,0.3431952662721893,231.0
1147,0.3571428571428571,0.0961538461538461,0.1515151515151515,104.0
1148,0.1645021645021645,0.2275449101796407,0.1909547738693467,167.0
1149,0.2362459546925566,0.5887096774193549,0.3371824480369515,248.0
1150,0.2,0.014388489208633,0.0268456375838926,139.0
1151,0.4626865671641791,0.3069306930693069,0.369047619047619,202.0
1152,0.5555555555555556,0.0229357798165137,0.0440528634361233,218.0
1153,0.0130624092888243,0.0604026845637583,0.0214797136038186,149.0
1154,0.5789473684210527,0.0990990990990991,0.1692307692307692,111.0
1155,0.6578947368421053,0.3355704697986577,0.4444444444444445,149.0
1156,0.5714285714285714,0.0470588235294117,0.0869565217391304,85.0
1157,0.204225352112676,0.5370370370370371,0.2959183673469387,162.0
1158,0.75,0.3604651162790697,0.4869109947643978,258.0
1159,0.3333333333333333,0.0393258426966292,0.0703517587939698,178.0
1160,0.3859649122807017,0.1,0.1588447653429603,220.0
1161,0.445859872611465,0.4022988505747126,0.4229607250755287,174.0
1162,0.425531914893617,0.144927536231884,0.2162162162162162,138.0
1163,0.246684350132626,0.543859649122807,0.3394160583941605,171.0
1164,0.8738738738738738,0.5672514619883041,0.6879432624113474,171.0
1165,0.2007797270955165,0.6094674556213018,0.3020527859237537,169.0
1166,0.1666666666666666,0.02,0.0357142857142857,50.0
1167,0.0769230769230769,0.0476190476190476,0.0588235294117647,21.0
1168,0.625,0.09009009009009,0.1574803149606299,111.0
1169,0.7630331753554502,0.5457627118644067,0.6363636363636362,295.0
1170,0.3176470588235294,0.16875,0.2204081632653061,160.0
1171,0.5,0.0172413793103448,0.0333333333333333,58.0
1172,1.0,0.054054054054054,0.1025641025641025,74.0
1173,0.4201680672268907,0.2631578947368421,0.3236245954692556,190.0
1174,0.3859649122807017,0.158273381294964,0.2244897959183673,139.0
1175,0.3908045977011494,0.1581395348837209,0.2251655629139073,215.0
1176,0.3333333333333333,0.0125523012552301,0.0241935483870967,239.0
1177,0.5833333333333334,0.0303030303030303,0.0576131687242798,231.0
1178,0.4444444444444444,0.0526315789473684,0.0941176470588235,76.0
1179,0.0483675937122128,0.2469135802469135,0.0808897876643073,162.0
1180,0.1984126984126984,0.2242152466367713,0.2105263157894736,223.0
1181,0.3333333333333333,0.032258064516129,0.0588235294117647,62.0
1183,0.2359550561797752,0.2176165803108808,0.2264150943396226,193.0
1184,0.5769230769230769,0.3456221198156682,0.4322766570605187,217.0
1185,0.1333333333333333,0.0166666666666666,0.0296296296296296,120.0
1186,0.4418604651162791,0.1583333333333333,0.2331288343558282,120.0
1187,0.0036157624038052,0.6900369003690037,0.007193829463925,271.0
1188,0.7914110429447853,0.6615384615384615,0.7206703910614525,195.0
1189,0.5,0.0441176470588235,0.0810810810810811,68.0
1190,0.5,0.1945525291828793,0.2801120448179272,257.0
1191,0.2463768115942029,0.293103448275862,0.2677165354330708,116.0
1192,0.097457627118644,0.1402439024390244,0.115,164.0
1193,0.373134328358209,0.2049180327868852,0.2645502645502645,122.0
1194,0.5,0.0172413793103448,0.0333333333333333,174.0
1195,0.6777251184834123,0.4880546075085324,0.5674603174603174,293.0
1196,0.293859649122807,0.4855072463768116,0.366120218579235,138.0
1197,0.2,0.1166666666666666,0.1473684210526316,60.0
1198,0.5,0.085201793721973,0.1455938697318007,223.0
1199,0.5,0.0416666666666666,0.0769230769230769,96.0
1200,0.3402061855670103,0.282051282051282,0.308411214953271,117.0
1201,0.0259067357512953,0.217391304347826,0.0462962962962962,23.0
1202,0.5714285714285714,0.2912621359223301,0.3858520900321543,206.0
1204,0.125,0.0131578947368421,0.0238095238095238,76.0
1205,0.3180212014134275,0.3734439834024896,0.3435114503816793,241.0
1206,0.2610619469026549,0.7283950617283951,0.3843648208469056,162.0
1207,0.2318840579710145,0.1447963800904977,0.1782729805013927,221.0
1208,0.4428571428571428,0.2296296296296296,0.3024390243902439,135.0
1209,0.1889250814332247,0.4393939393939394,0.2642369020501139,132.0
1210,0.3010204081632653,0.4682539682539682,0.3664596273291925,126.0
1211,0.1904761904761904,0.0714285714285714,0.1038961038961038,56.0
1212,0.4824120603015075,0.366412213740458,0.4164859002169197,262.0
1213,0.40625,0.1262135922330097,0.1925925925925926,103.0
1214,0.3636363636363636,0.0634920634920634,0.1081081081081081,63.0
1215,0.238095238095238,0.1013513513513513,0.1421800947867298,148.0
1216,0.4631578947368421,0.2115384615384615,0.2904290429042904,208.0
1217,0.2553191489361702,0.1333333333333333,0.1751824817518247,90.0
1218,0.7564102564102564,0.3973063973063973,0.5209713024282561,297.0
1219,0.2857142857142857,0.1212121212121212,0.1702127659574468,99.0
1220,0.4177215189873418,0.1976047904191616,0.2682926829268293,167.0
1221,0.0,0.0,0.0,45.0
1222,0.4042553191489361,0.1366906474820144,0.2043010752688172,139.0
1223,0.2366412213740458,0.3387978142076502,0.2786516853932584,183.0
1224,0.1,0.015625,0.027027027027027,64.0
1225,0.7547169811320755,0.6060606060606061,0.6722689075630252,66.0
1226,0.43125,0.3484848484848485,0.3854748603351955,198.0
1227,0.3246753246753247,0.4629629629629629,0.381679389312977,162.0
1228,0.3766233766233766,0.2566371681415929,0.3052631578947369,113.0
1229,0.0714285714285714,0.048780487804878,0.0579710144927536,82.0
1230,0.2983425414364641,0.226890756302521,0.2577565632458234,238.0
1231,0.3515981735159817,0.3221757322175732,0.3362445414847161,239.0
1232,0.25,0.037037037037037,0.064516129032258,81.0
1233,1.0,0.0108695652173913,0.021505376344086,92.0
1234,0.0526315789473684,0.0454545454545454,0.048780487804878,132.0
1235,0.1408450704225352,0.15625,0.1481481481481481,64.0
1236,0.0863309352517985,0.1016949152542373,0.0933852140077821,118.0
1237,0.362962962962963,0.4414414414414414,0.3983739837398374,111.0
1238,0.7142857142857143,0.0806451612903225,0.144927536231884,62.0
1239,0.3076923076923077,0.0821917808219178,0.1297297297297297,146.0
1240,0.4406779661016949,0.2241379310344827,0.2971428571428571,116.0
1241,0.3333333333333333,0.0287769784172661,0.0529801324503311,139.0
1242,0.625,0.0518134715025906,0.0956937799043062,193.0
1243,0.3421052631578947,0.1575757575757575,0.2157676348547718,165.0
1244,0.1274509803921568,0.1111111111111111,0.1187214611872146,117.0
1245,0.847953216374269,0.5731225296442688,0.6839622641509435,253.0
1246,0.2413793103448276,0.0933333333333333,0.1346153846153846,75.0
1247,0.4444444444444444,0.0567375886524822,0.10062893081761,141.0
1248,0.3043478260869565,0.0486111111111111,0.0838323353293413,144.0
1249,0.3783783783783784,0.1176470588235294,0.1794871794871795,238.0
1250,0.446215139442231,0.5773195876288659,0.5033707865168539,194.0
1252,0.3333333333333333,0.0925925925925925,0.144927536231884,54.0
1253,0.2901234567901234,0.4895833333333333,0.3643410852713178,192.0
1254,0.1875,0.0742574257425742,0.1063829787234042,202.0
1255,0.1564245810055866,0.2641509433962264,0.1964912280701754,106.0
1256,0.369047619047619,0.1751412429378531,0.2375478927203065,177.0
1257,0.2056737588652482,0.1959459459459459,0.2006920415224913,148.0
1258,0.2857142857142857,0.0517241379310344,0.0875912408759124,116.0
1259,0.3703703703703703,0.1388888888888889,0.202020202020202,216.0
1260,0.5,0.0425531914893617,0.0784313725490196,47.0
1261,0.6911764705882353,0.6844660194174758,0.6878048780487804,206.0
1262,0.0632411067193675,0.1052631578947368,0.0790123456790123,152.0
1263,0.0,0.0,0.0,91.0
1264,0.45,0.108433734939759,0.174757281553398,83.0
1265,0.2544378698224852,0.2559523809523809,0.255192878338279,168.0
1266,0.1666666666666666,0.0084033613445378,0.016,119.0
1267,0.4743589743589743,0.23125,0.3109243697478991,160.0
1268,0.7784810126582279,0.467680608365019,0.5843230403800475,263.0
1269,0.5172413793103449,0.1442307692307692,0.225563909774436,104.0
1270,0.2604166666666667,0.1388888888888889,0.181159420289855,180.0
1271,0.4166666666666667,0.0423728813559322,0.0769230769230769,118.0
1272,0.2842105263157894,0.1443850267379679,0.1914893617021276,187.0
1273,0.6,0.0508474576271186,0.09375,59.0
1274,0.3696682464454976,0.639344262295082,0.4684684684684684,122.0
1275,0.6666666666666666,0.0337078651685393,0.0641711229946524,178.0
1276,0.1842105263157894,0.056910569105691,0.0869565217391304,123.0
1277,0.2954545454545454,0.1111111111111111,0.1614906832298136,234.0
1278,0.4338235294117647,0.3025641025641025,0.3564954682779456,195.0
1279,0.1363636363636363,0.044776119402985,0.0674157303370786,67.0
1280,0.0620155038759689,0.0473372781065088,0.0536912751677852,169.0
1281,0.375,0.0535714285714285,0.09375,56.0
1282,0.1851851851851851,0.0490196078431372,0.0775193798449612,102.0
1283,0.3801652892561983,0.2200956937799043,0.2787878787878788,209.0
1284,0.5,0.031578947368421,0.0594059405940594,95.0
1285,0.4615384615384615,0.0821917808219178,0.1395348837209302,73.0
1286,0.3306772908366533,0.5724137931034483,0.4191919191919192,145.0
1287,0.1575846833578792,0.5376884422110553,0.2437357630979498,199.0
1288,0.1575342465753424,0.2395833333333333,0.1900826446280991,96.0
1289,0.3333333333333333,0.0476190476190476,0.0833333333333333,63.0
1290,0.6190476190476191,0.0680628272251308,0.1226415094339622,191.0
1291,0.5581395348837209,0.105726872246696,0.1777777777777777,227.0
1292,0.5833333333333334,0.0564516129032258,0.1029411764705882,124.0
1293,0.12,0.1666666666666666,0.1395348837209302,90.0
1294,0.0,0.0,0.0,64.0
1295,0.4166666666666667,0.0602409638554216,0.1052631578947368,83.0
1296,0.3333333333333333,0.1285714285714285,0.1855670103092783,140.0
1297,0.5416666666666666,0.1904761904761904,0.2818428184281842,273.0
1298,0.8333333333333334,0.0213675213675213,0.0416666666666666,234.0
1299,0.5849056603773585,0.1573604060913705,0.2479999999999999,197.0
1300,0.4948453608247423,0.2608695652173913,0.3416370106761565,184.0
1301,0.2857142857142857,0.0421052631578947,0.073394495412844,95.0
1302,0.6428571428571429,0.18,0.2812499999999999,50.0
1303,0.3809523809523809,0.1441441441441441,0.2091503267973856,111.0
1304,0.75,0.0333333333333333,0.0638297872340425,90.0
1305,0.3548387096774194,0.1571428571428571,0.2178217821782178,140.0
1306,0.3399433427762039,0.4528301886792453,0.3883495145631068,265.0
1307,0.7701863354037267,0.5020242914979757,0.6078431372549019,247.0
1308,0.5510835913312694,0.5933333333333334,0.5714285714285714,300.0
1310,0.1468926553672316,0.1078838174273859,0.124401913875598,241.0
1311,0.4375,0.0614035087719298,0.1076923076923077,114.0
1312,0.087890625,0.5113636363636364,0.15,88.0
1313,0.2933333333333333,0.0842911877394636,0.1309523809523809,261.0
1314,0.1153846153846153,0.0114503816793893,0.0208333333333333,262.0
1315,0.3436293436293436,0.5894039735099338,0.4341463414634146,151.0
1316,0.4444444444444444,0.2162162162162162,0.2909090909090909,111.0
1317,0.1851851851851851,0.1578947368421052,0.1704545454545454,95.0
1318,0.5,0.0378378378378378,0.0703517587939698,185.0
1319,0.0,0.0,0.0,164.0
1320,0.3265306122448979,0.5647058823529412,0.4137931034482758,85.0
1321,0.0,0.0,0.0,88.0
1322,0.5426829268292683,0.3869565217391304,0.4517766497461929,230.0
1323,0.2857142857142857,0.032258064516129,0.0579710144927536,62.0
1324,0.2830188679245283,0.2710843373493976,0.2769230769230769,166.0
1325,0.4954128440366973,0.2084942084942085,0.2934782608695652,259.0
1326,0.5222222222222223,0.254054054054054,0.3418181818181818,185.0
1327,0.1904761904761904,0.0186915887850467,0.0340425531914893,214.0
1328,0.1769436997319035,0.3188405797101449,0.2275862068965517,207.0
1329,0.7344827586206897,0.8098859315589354,0.7703435804701628,263.0
1330,1.0,0.0113636363636363,0.0224719101123595,88.0
1331,0.1305309734513274,0.5728155339805825,0.2126126126126126,103.0
1332,0.4482758620689655,0.1083333333333333,0.174496644295302,120.0
1333,0.6908212560386473,0.6137339055793991,0.65,233.0
1334,0.4090909090909091,0.1011235955056179,0.1621621621621621,178.0
1335,0.160919540229885,0.1443298969072164,0.1521739130434782,97.0
1336,0.1363636363636363,0.574468085106383,0.2204081632653061,47.0
1337,0.087378640776699,0.0633802816901408,0.073469387755102,142.0
1338,0.1712328767123287,0.1612903225806451,0.1661129568106312,155.0
1339,0.3333333333333333,0.0196078431372549,0.037037037037037,51.0
1340,0.2972972972972973,0.231578947368421,0.2603550295857988,95.0
1341,0.5,0.028169014084507,0.0533333333333333,71.0
1342,0.255,0.2833333333333333,0.2684210526315789,180.0
1343,0.2272727272727272,0.1838235294117647,0.2032520325203252,136.0
1344,0.36,0.2673267326732673,0.3068181818181818,202.0
1345,0.7222222222222222,0.0738636363636363,0.134020618556701,176.0
1346,0.8,0.0987654320987654,0.1758241758241758,81.0
1347,0.3981481481481481,0.2067307692307692,0.2721518987341772,208.0
1348,0.4126984126984127,0.1780821917808219,0.2488038277511962,146.0
1349,0.4444444444444444,0.0829875518672199,0.1398601398601398,241.0
1350,0.5555555555555556,0.0423728813559322,0.0787401574803149,118.0
1351,0.1476510067114094,0.1317365269461078,0.1392405063291139,167.0
1352,0.0,0.0,0.0,207.0
1353,0.1632653061224489,0.1203007518796992,0.1385281385281385,133.0
1354,0.5217391304347826,0.0805369127516778,0.1395348837209302,149.0
1355,0.3571428571428571,0.0666666666666666,0.1123595505617977,75.0
1356,0.7878787878787878,0.3939393939393939,0.5252525252525253,264.0
1357,0.1081081081081081,0.1756097560975609,0.1338289962825279,205.0
1358,0.5,0.0337078651685393,0.0631578947368421,89.0
1359,0.4166666666666667,0.078125,0.131578947368421,64.0
1360,0.2112068965517241,0.2634408602150537,0.2344497607655502,186.0
1361,0.4307116104868914,0.6804733727810651,0.5275229357798165,169.0
1362,0.38,0.1583333333333333,0.2235294117647059,120.0
1363,0.0,0.0,0.0,47.0
1364,0.4444444444444444,0.1111111111111111,0.1777777777777777,72.0
1365,0.4675324675324675,0.2033898305084746,0.2834645669291338,177.0
1366,0.3571428571428571,0.0549450549450549,0.0952380952380952,182.0
1367,1.0,0.0096153846153846,0.019047619047619,104.0
1368,0.6447368421052632,0.2268518518518518,0.3356164383561643,216.0
1369,0.2,0.034090909090909,0.058252427184466,88.0
1370,0.6666666666666666,0.0188679245283018,0.036697247706422,106.0
1371,0.0,0.0,0.0,46.0
1372,0.2708333333333333,0.1232227488151658,0.1693811074918566,211.0
1373,0.1366120218579235,0.1428571428571428,0.1396648044692737,175.0
1374,0.3455497382198952,0.4125,0.376068376068376,160.0
1375,0.5714285714285714,0.0248447204968944,0.0476190476190476,161.0
1376,0.5294117647058824,0.1475409836065573,0.2307692307692307,305.0
1377,0.5032258064516129,0.4020618556701031,0.4469914040114613,194.0
1378,0.2222222222222222,0.0816326530612244,0.1194029850746268,49.0
1379,1.0,0.024390243902439,0.0476190476190476,123.0
1380,0.1682464454976303,0.3776595744680851,0.2327868852459016,188.0
1381,0.4693877551020408,0.2911392405063291,0.359375,79.0
1382,0.0785714285714285,0.3211678832116788,0.1262553802008608,137.0
1383,0.2777777777777778,0.1442307692307692,0.1898734177215189,208.0
1384,0.8333333333333334,0.0602409638554216,0.1123595505617977,83.0
1385,0.126865671641791,0.1140939597315436,0.1201413427561837,149.0
1386,0.3142857142857143,0.1182795698924731,0.171875,93.0
1387,0.358974358974359,0.0786516853932584,0.1290322580645161,178.0
1388,0.2534246575342466,0.4933333333333333,0.334841628959276,150.0
1389,0.0,0.0,0.0,42.0
1390,0.325,0.0817610062893081,0.1306532663316583,159.0
1391,0.4117647058823529,0.0921052631578947,0.1505376344086021,76.0
1392,0.25,0.037037037037037,0.064516129032258,81.0
1393,0.6764705882352942,0.2072072072072072,0.3172413793103448,111.0
1394,0.1239669421487603,0.1630434782608695,0.1408450704225352,92.0
1395,0.0875,0.2763157894736842,0.1329113924050633,76.0
1396,0.4705882352941176,0.0683760683760683,0.1194029850746268,117.0
1397,0.2560975609756097,0.1257485029940119,0.1686746987951807,167.0
1398,0.2631578947368421,0.5113636363636364,0.3474903474903474,88.0
1399,0.25,0.0238095238095238,0.0434782608695652,42.0
1400,0.4534883720930232,0.1921182266009852,0.2698961937716262,203.0
1401,0.2,0.0588235294117647,0.0909090909090909,34.0
1402,0.6176470588235294,0.1296296296296296,0.2142857142857142,162.0
1403,0.2307692307692307,0.0129310344827586,0.0244897959183673,232.0
1404,0.4,0.0862068965517241,0.1418439716312056,116.0
1405,0.1933085501858736,0.2954545454545454,0.2337078651685393,176.0
1406,0.5,0.0566037735849056,0.1016949152542373,159.0
1407,1.0,0.0377358490566037,0.0727272727272727,53.0
1408,0.3930348258706467,0.43646408839779,0.4136125654450261,181.0
1409,0.4022988505747126,0.2215189873417721,0.2857142857142857,158.0
1410,0.3448275862068966,0.0571428571428571,0.0980392156862745,175.0
1411,0.475095785440613,0.5688073394495413,0.5177453027139874,218.0
1412,0.3413897280966767,0.4767932489451477,0.3978873239436619,237.0
1413,0.0806100217864923,0.2466666666666666,0.1215106732348111,150.0
1414,0.4435483870967742,0.2925531914893617,0.3525641025641026,188.0
1415,0.4696969696969697,0.3492957746478873,0.4006462035541195,355.0
1416,0.8,0.0392156862745098,0.0747663551401869,204.0
1417,0.0438564697354113,0.4583333333333333,0.0800529275554085,264.0
1418,0.5246913580246914,0.3333333333333333,0.4076738609112709,255.0
accuracy,0.2441422081471846,0.2441422081471846,0.2441422081471846,0.2441422081471846
macro avg,0.3759979878436632,0.2087294055106192,0.2209476051505435,212196.0
weighted avg,0.4002457869234785,0.2441422081471846,0.2557514282556596,212196.0
