,precision,recall,f1-score,support
0,1.0,0.010050251256281407,0.01990049751243781,199.0
1,0.6666666666666666,0.06557377049180328,0.11940298507462688,122.0
2,0.45794392523364486,0.2552083333333333,0.32775919732441466,192.0
3,0.4166666666666667,0.09900990099009901,0.16,101.0
4,0.3142857142857143,0.26506024096385544,0.28758169934640526,83.0
5,0.2807017543859649,0.4933920704845815,0.3578274760383386,227.0
6,0.09333333333333334,0.125,0.1068702290076336,168.0
7,0.49206349206349204,0.30097087378640774,0.3734939759036145,103.0
8,0.75,0.03529411764705882,0.06741573033707865,85.0
9,0.49624060150375937,0.5409836065573771,0.5176470588235293,122.0
10,0.7606382978723404,0.5257352941176471,0.6217391304347827,272.0
11,0.4583333333333333,0.43258426966292135,0.44508670520231214,178.0
12,0.6451612903225806,0.36231884057971014,0.46403712296983757,276.0
13,0.4,0.044444444444444446,0.07999999999999999,90.0
14,0.4375,0.1337579617834395,0.20487804878048782,157.0
15,0.45652173913043476,0.7567567567567568,0.5694915254237288,111.0
16,0.5761904761904761,0.41724137931034483,0.484,290.0
17,0.4,0.04524886877828054,0.08130081300813008,221.0
18,0.42574257425742573,0.23118279569892472,0.29965156794425085,186.0
19,0.7252747252747253,0.27049180327868855,0.3940298507462687,244.0
20,0.35714285714285715,0.36231884057971014,0.3597122302158273,138.0
21,0.22580645161290322,0.1099476439790576,0.147887323943662,191.0
22,0.75,0.01507537688442211,0.02955665024630542,199.0
23,0.11926605504587157,0.2765957446808511,0.16666666666666669,141.0
24,0.3559322033898305,0.35795454545454547,0.35694050991501414,176.0
25,0.26666666666666666,0.12903225806451613,0.17391304347826086,155.0
26,0.5,0.09375,0.15789473684210525,64.0
27,0.5426008968609866,0.4745098039215686,0.506276150627615,255.0
28,0.26666666666666666,0.05228758169934641,0.08743169398907104,153.0
29,0.7335766423357665,0.7282608695652174,0.730909090909091,276.0
30,0.38181818181818183,0.18340611353711792,0.24778761061946902,229.0
31,0.8333333333333334,0.7117437722419929,0.7677543186180423,281.0
32,0.037037037037037035,0.08,0.05063291139240506,25.0
33,0.6285714285714286,0.6984126984126984,0.6616541353383458,63.0
34,0.47368421052631576,0.06382978723404255,0.11249999999999998,141.0
35,0.46715328467153283,0.3615819209039548,0.4076433121019108,177.0
36,0.4444444444444444,0.06201550387596899,0.10884353741496598,129.0
37,0.0,0.0,0.0,57.0
38,0.2857142857142857,0.018433179723502304,0.03463203463203463,217.0
39,0.660377358490566,0.1891891891891892,0.29411764705882354,185.0
40,0.6222222222222222,0.64,0.6309859154929577,350.0
41,0.16216216216216217,0.2,0.1791044776119403,120.0
42,0.375,0.21212121212121213,0.27096774193548384,99.0
43,0.8040816326530612,0.7060931899641577,0.7519083969465649,279.0
44,0.22448979591836735,0.2894736842105263,0.2528735632183908,76.0
45,0.25,0.07407407407407407,0.11428571428571428,81.0
46,0.4,0.034482758620689655,0.06349206349206349,116.0
47,0.5,0.008264462809917356,0.016260162601626018,121.0
48,0.625,0.078125,0.1388888888888889,64.0
49,0.044642857142857144,0.20833333333333334,0.07352941176470588,48.0
50,0.6944444444444444,0.22727272727272727,0.3424657534246575,110.0
51,0.5796460176991151,0.5282258064516129,0.5527426160337553,248.0
52,0.47107438016528924,0.3958333333333333,0.43018867924528303,144.0
53,0.3076923076923077,0.05970149253731343,0.09999999999999999,67.0
54,0.75,0.05555555555555555,0.10344827586206895,108.0
55,0.09375,0.04477611940298507,0.06060606060606061,134.0
56,0.41566265060240964,0.4928571428571429,0.4509803921568627,140.0
57,0.4634146341463415,0.18095238095238095,0.26027397260273977,105.0
58,0.6896551724137931,0.4098360655737705,0.5141388174807198,244.0
59,0.38140417457305503,0.7472118959107806,0.5050251256281407,269.0
60,0.0,0.0,0.0,53.0
61,0.4444444444444444,0.21621621621621623,0.2909090909090909,111.0
62,0.7134502923976608,0.3765432098765432,0.4929292929292929,324.0
63,0.45652173913043476,0.375,0.41176470588235287,112.0
64,0.2926829268292683,0.06091370558375635,0.10084033613445378,197.0
65,0.17191977077363896,0.5660377358490566,0.2637362637362637,106.0
66,0.12280701754385964,0.10852713178294573,0.11522633744855967,129.0
67,0.5056179775280899,0.18518518518518517,0.2710843373493975,243.0
68,0.5147058823529411,0.45454545454545453,0.4827586206896551,154.0
69,0.21893491124260356,0.25,0.2334384858044164,148.0
70,0.2621951219512195,0.3208955223880597,0.28859060402684567,134.0
71,0.18604651162790697,0.3595505617977528,0.24521072796934865,89.0
72,0.29646017699115046,0.27235772357723576,0.28389830508474573,246.0
73,0.18181818181818182,0.0625,0.09302325581395349,32.0
74,0.3333333333333333,0.14028776978417265,0.19746835443037974,278.0
75,0.8148148148148148,0.08527131782945736,0.15438596491228068,258.0
76,0.5,0.4219409282700422,0.4576659038901602,237.0
77,0.25,0.022988505747126436,0.04210526315789474,87.0
78,0.40823970037453183,0.5706806282722513,0.4759825327510917,191.0
79,0.12171052631578948,0.3274336283185841,0.1774580335731415,113.0
80,0.5245901639344263,0.17777777777777778,0.26556016597510373,180.0
81,0.7132352941176471,0.4429223744292237,0.5464788732394366,219.0
82,0.5230769230769231,0.2677165354330709,0.3541666666666667,127.0
83,0.0,0.0,0.0,80.0
84,0.5454545454545454,0.12096774193548387,0.19801980198019803,248.0
85,0.15384615384615385,0.034482758620689655,0.056338028169014086,58.0
86,0.08256880733944955,0.11538461538461539,0.0962566844919786,78.0
87,0.0,0.0,0.0,43.0
88,0.3333333333333333,0.008695652173913044,0.01694915254237288,115.0
89,0.6428571428571429,0.37850467289719625,0.4764705882352941,214.0
90,0.6260869565217392,0.2823529411764706,0.3891891891891892,255.0
91,0.47619047619047616,0.145985401459854,0.22346368715083798,137.0
92,0.228310502283105,0.26455026455026454,0.24509803921568626,189.0
93,0.5961538461538461,0.22142857142857142,0.3229166666666667,280.0
94,0.6008403361344538,0.55,0.5742971887550201,260.0
95,0.5708502024291497,0.5465116279069767,0.5584158415841585,258.0
96,0.5,0.04132231404958678,0.07633587786259542,121.0
97,0.32,0.08421052631578947,0.13333333333333333,95.0
98,0.4264705882352941,0.24369747899159663,0.31016042780748665,119.0
99,0.16666666666666666,0.08108108108108109,0.1090909090909091,74.0
100,0.3707865168539326,0.532258064516129,0.4370860927152318,310.0
101,0.2702702702702703,0.16666666666666666,0.20618556701030927,60.0
102,0.5714285714285714,0.2222222222222222,0.32,144.0
103,0.5597014925373134,0.46439628482972134,0.5076142131979695,323.0
104,0.5757575757575758,0.12418300653594772,0.20430107526881722,153.0
105,0.6571428571428571,0.1554054054054054,0.25136612021857924,148.0
106,0.6,0.11475409836065574,0.1926605504587156,183.0
107,0.40893470790378006,0.5063829787234042,0.45247148288973377,235.0
108,0.6759776536312849,0.4689922480620155,0.5537757437070939,258.0
109,0.5294117647058824,0.05660377358490566,0.10227272727272728,159.0
110,0.21428571428571427,0.03333333333333333,0.057692307692307696,90.0
111,0.2857142857142857,0.012048192771084338,0.023121387283236997,166.0
112,0.08761904761904762,0.2081447963800905,0.12332439678284184,221.0
113,0.7340425531914894,0.38764044943820225,0.5073529411764706,178.0
114,0.6538461538461539,0.1878453038674033,0.2918454935622318,181.0
115,0.11822660098522167,0.17518248175182483,0.1411764705882353,137.0
116,0.25806451612903225,0.07142857142857142,0.1118881118881119,112.0
117,0.2878787878787879,0.1557377049180328,0.2021276595744681,122.0
118,0.21951219512195122,0.03543307086614173,0.06101694915254237,254.0
119,0.0811965811965812,0.08016877637130802,0.08067940552016986,237.0
120,0.7452471482889734,0.6222222222222222,0.6782006920415224,315.0
121,0.34615384615384615,0.1875,0.24324324324324323,48.0
122,0.6129032258064516,0.1484375,0.23899371069182387,128.0
123,0.20235756385068762,0.5364583333333334,0.29386590584878747,192.0
124,0.7843137254901961,0.6153846153846154,0.6896551724137931,260.0
125,0.2337962962962963,0.7062937062937062,0.351304347826087,286.0
126,0.4120603015075377,0.43386243386243384,0.422680412371134,189.0
127,0.4444444444444444,0.21333333333333335,0.2882882882882883,75.0
128,0.4444444444444444,0.0392156862745098,0.07207207207207207,102.0
129,0.3492063492063492,0.13664596273291926,0.19642857142857142,161.0
130,0.2631578947368421,0.10050251256281408,0.14545454545454548,199.0
131,0.23529411764705882,0.1509433962264151,0.1839080459770115,53.0
132,0.46875,0.12096774193548387,0.1923076923076923,124.0
133,0.6666666666666666,0.018779342723004695,0.0365296803652968,213.0
134,0.2676056338028169,0.1958762886597938,0.2261904761904762,97.0
135,0.2702702702702703,0.16326530612244897,0.20356234096692113,245.0
136,0.35714285714285715,0.1282051282051282,0.18867924528301885,39.0
137,0.28,0.11666666666666667,0.16470588235294117,120.0
138,0.5,0.20437956204379562,0.2901554404145078,137.0
139,0.1419141914191419,0.23626373626373626,0.177319587628866,182.0
140,0.32054794520547947,0.5909090909090909,0.41563055062166965,198.0
141,0.18666666666666668,0.06060606060606061,0.0915032679738562,231.0
142,0.8333333333333334,0.03225806451612903,0.062111801242236024,155.0
143,0.5319148936170213,0.2757352941176471,0.36319612590799033,272.0
144,0.7764227642276422,0.6920289855072463,0.731800766283525,276.0
145,0.4146341463414634,0.06910569105691057,0.11846689895470384,246.0
146,0.24789915966386555,0.33714285714285713,0.2857142857142857,175.0
147,0.07755946225439504,0.35714285714285715,0.1274426508071368,210.0
148,0.625,0.021739130434782608,0.04201680672268907,230.0
149,0.3125,0.12953367875647667,0.18315018315018314,193.0
150,0.6666666666666666,0.040268456375838924,0.07594936708860758,149.0
151,0.6,0.02631578947368421,0.050420168067226885,114.0
152,0.0,0.0,0.0,37.0
153,0.10714285714285714,0.028846153846153848,0.045454545454545456,104.0
154,0.18461538461538463,0.1411764705882353,0.16,85.0
155,0.16165413533834586,0.455026455026455,0.23855755894590847,189.0
156,0.36538461538461536,0.41081081081081083,0.38676844783715014,185.0
157,0.3333333333333333,0.02564102564102564,0.047619047619047616,39.0
158,0.2553191489361702,0.09090909090909091,0.1340782122905028,132.0
159,0.0,0.0,0.0,48.0
160,0.3023255813953488,0.203125,0.24299065420560748,64.0
161,0.3333333333333333,0.11711711711711711,0.17333333333333334,111.0
162,0.21875,0.33816425120772947,0.26565464895635676,207.0
163,0.35864978902953587,0.3281853281853282,0.34274193548387094,259.0
164,0.20512820512820512,0.07079646017699115,0.10526315789473684,113.0
165,0.7,0.0707070707070707,0.12844036697247704,99.0
166,0.42857142857142855,0.09090909090909091,0.15000000000000002,99.0
167,0.5531914893617021,0.25,0.3443708609271523,208.0
168,0.47058823529411764,0.14545454545454545,0.22222222222222227,110.0
169,0.4076923076923077,0.31736526946107785,0.3569023569023569,167.0
170,0.35714285714285715,0.05319148936170213,0.09259259259259259,94.0
171,0.3412698412698413,0.581081081081081,0.43,148.0
172,0.5714285714285714,0.09302325581395349,0.16,129.0
173,0.4090909090909091,0.135678391959799,0.2037735849056604,199.0
174,0.449438202247191,0.3389830508474576,0.3864734299516908,118.0
175,0.20930232558139536,0.27835051546391754,0.23893805309734512,97.0
176,0.5594405594405595,0.3389830508474576,0.4221635883905013,236.0
177,0.29411764705882354,0.046296296296296294,0.08,108.0
178,0.6446280991735537,0.43820224719101125,0.5217391304347826,178.0
179,0.48148148148148145,0.6046511627906976,0.5360824742268042,172.0
180,0.25862068965517243,0.1111111111111111,0.15544041450777202,135.0
181,0.2631578947368421,0.06097560975609756,0.09900990099009901,82.0
182,0.18803418803418803,0.24444444444444444,0.21256038647342992,90.0
183,0.391025641025641,0.4066666666666667,0.3986928104575163,150.0
184,0.6108108108108108,0.6277777777777778,0.6191780821917808,180.0
185,0.19444444444444445,0.12727272727272726,0.15384615384615383,55.0
186,0.06825938566552901,0.12578616352201258,0.08849557522123895,159.0
187,0.26506024096385544,0.2716049382716049,0.2682926829268293,81.0
188,0.4,0.038461538461538464,0.07017543859649124,52.0
189,0.6666666666666666,0.21875,0.32941176470588235,192.0
190,0.4178082191780822,0.3160621761658031,0.359882005899705,193.0
191,0.4375,0.23728813559322035,0.30769230769230765,177.0
192,0.05179282868525897,0.10483870967741936,0.06933333333333334,124.0
193,0.18181818181818182,0.04878048780487805,0.07692307692307693,41.0
194,0.7945205479452054,0.25217391304347825,0.3828382838283828,230.0
195,0.0,0.0,0.0,136.0
196,0.27884615384615385,0.25,0.2636363636363636,116.0
197,0.3333333333333333,0.25903614457831325,0.2915254237288135,166.0
198,0.17647058823529413,0.07003891050583658,0.10027855153203342,257.0
199,0.7222222222222222,0.09219858156028368,0.16352201257861634,141.0
200,0.33766233766233766,0.14606741573033707,0.20392156862745095,178.0
201,0.09363295880149813,0.15723270440251572,0.11737089201877936,159.0
202,0.11206896551724138,0.3170731707317073,0.1656050955414013,41.0
203,0.3076923076923077,0.018957345971563982,0.03571428571428572,211.0
204,0.34615384615384615,0.18828451882845187,0.24390243902439027,239.0
205,0.1601123595505618,0.30978260869565216,0.2111111111111111,184.0
206,0.4,0.024096385542168676,0.045454545454545456,83.0
207,0.12087912087912088,0.1,0.10945273631840796,110.0
208,0.39,0.5223214285714286,0.44656488549618323,224.0
209,0.50199203187251,0.3987341772151899,0.4444444444444445,316.0
210,0.1978021978021978,0.1005586592178771,0.13333333333333336,179.0
211,0.024242424242424242,0.06557377049180328,0.035398230088495575,61.0
212,0.35714285714285715,0.062111801242236024,0.10582010582010581,161.0
213,0.1896551724137931,0.3188405797101449,0.23783783783783785,69.0
214,0.43617021276595747,0.26282051282051283,0.32800000000000007,156.0
215,1.0,0.012658227848101266,0.024999999999999998,158.0
216,0.375,0.057692307692307696,0.09999999999999999,52.0
217,0.42857142857142855,0.07894736842105263,0.13333333333333333,76.0
218,0.6353591160220995,0.3662420382165605,0.46464646464646464,314.0
219,0.09302325581395349,0.0392156862745098,0.05517241379310345,102.0
220,0.5882352941176471,0.33653846153846156,0.42813455657492355,208.0
221,0.7222222222222222,0.08496732026143791,0.15204678362573099,153.0
222,0.1935483870967742,0.22641509433962265,0.20869565217391306,53.0
223,0.6,0.26548672566371684,0.36809815950920244,113.0
224,0.17670682730923695,0.25287356321839083,0.20803782505910168,174.0
225,0.5405405405405406,0.10152284263959391,0.17094017094017094,197.0
226,0.6666666666666666,0.013333333333333334,0.026143790849673203,150.0
227,0.058823529411764705,0.0364963503649635,0.04504504504504504,137.0
228,0.0821917808219178,0.125,0.09917355371900827,144.0
229,0.2692307692307692,0.06140350877192982,0.09999999999999999,114.0
230,0.7241379310344828,0.7,0.711864406779661,330.0
231,0.3888888888888889,0.04375,0.07865168539325841,160.0
232,0.11351351351351352,0.06976744186046512,0.08641975308641975,301.0
233,0.36363636363636365,0.22988505747126436,0.2816901408450704,87.0
234,0.09230769230769231,0.04743083003952569,0.06266318537859007,253.0
235,0.5,0.0635593220338983,0.11278195488721802,236.0
236,0.03466204506065858,0.0711743772241993,0.04662004662004662,281.0
237,0.25,0.011904761904761904,0.022727272727272724,84.0
238,0.5,0.18571428571428572,0.2708333333333333,140.0
239,0.4,0.026490066225165563,0.049689440993788817,151.0
240,0.28,0.6542056074766355,0.39215686274509803,214.0
241,0.27586206896551724,0.16783216783216784,0.20869565217391306,143.0
242,0.27419354838709675,0.17894736842105263,0.21656050955414013,95.0
243,0.5562913907284768,0.4772727272727273,0.5137614678899083,176.0
244,0.1717171717171717,0.15315315315315314,0.16190476190476188,111.0
245,0.28921568627450983,0.3430232558139535,0.31382978723404253,172.0
246,0.4166666666666667,0.04878048780487805,0.08733624454148473,205.0
247,0.09278350515463918,0.0743801652892562,0.08256880733944955,121.0
248,0.75,0.05217391304347826,0.09756097560975609,230.0
249,0.525,0.1242603550295858,0.20095693779904306,169.0
250,1.0,0.011111111111111112,0.02197802197802198,90.0
251,0.5,0.012903225806451613,0.025157232704402514,155.0
252,0.1609870740305523,0.6372093023255814,0.2570356472795497,215.0
253,0.0,0.0,0.0,125.0
254,0.07563025210084033,0.10465116279069768,0.08780487804878048,86.0
255,0.18098159509202455,0.29949238578680204,0.22562141491395793,197.0
256,0.10947368421052632,0.19117647058823528,0.1392235609103079,272.0
257,0.14615384615384616,0.2235294117647059,0.17674418604651163,85.0
258,0.42857142857142855,0.10285714285714286,0.16589861751152074,175.0
259,0.19902912621359223,0.23163841807909605,0.21409921671018278,177.0
260,0.5909090909090909,0.17687074829931973,0.27225130890052357,147.0
261,0.6140350877192983,0.20114942528735633,0.30303030303030304,174.0
262,0.21348314606741572,0.16964285714285715,0.1890547263681592,112.0
263,0.25272727272727274,0.49642857142857144,0.3349397590361446,280.0
264,0.21428571428571427,0.05714285714285714,0.09022556390977444,105.0
265,0.6111111111111112,0.11458333333333333,0.19298245614035087,192.0
266,0.25,0.047619047619047616,0.08,84.0
267,0.34782608695652173,0.0963855421686747,0.15094339622641512,83.0
268,0.125,0.5638297872340425,0.20463320463320464,94.0
269,0.5877551020408164,0.4675324675324675,0.5207956600361663,308.0
270,0.22981366459627328,0.18316831683168316,0.20385674931129477,202.0
271,0.2888086642599278,0.47904191616766467,0.36036036036036034,334.0
272,0.29411764705882354,0.11695906432748537,0.16736401673640167,171.0
273,0.5306122448979592,0.3880597014925373,0.4482758620689655,134.0
274,0.5238095238095238,0.09016393442622951,0.15384615384615385,122.0
275,0.5,0.0072992700729927005,0.014388489208633093,137.0
276,0.45454545454545453,0.050505050505050504,0.0909090909090909,99.0
277,0.3333333333333333,0.01639344262295082,0.03125,244.0
278,0.17777777777777778,0.24427480916030533,0.2057877813504823,131.0
279,0.25,0.05434782608695652,0.08928571428571427,92.0
280,0.4642857142857143,0.08280254777070063,0.14054054054054055,157.0
281,0.3706896551724138,0.25748502994011974,0.30388692579505294,167.0
282,0.2222222222222222,0.024691358024691357,0.044444444444444446,162.0
283,0.0,0.0,0.0,111.0
284,0.1276595744680851,0.04,0.06091370558375634,150.0
285,0.21226415094339623,0.37656903765690375,0.27149321266968324,239.0
286,0.7114093959731543,0.5326633165829145,0.6091954022988506,199.0
287,0.2897727272727273,0.4396551724137931,0.3493150684931507,116.0
288,0.8114285714285714,0.8765432098765432,0.8427299703264095,324.0
289,1.0,0.007575757575757576,0.015037593984962407,132.0
290,0.0,0.0,0.0,30.0
291,0.5549348230912476,0.7883597883597884,0.6513661202185792,378.0
292,0.321656050955414,0.48792270531400966,0.38771593090211137,207.0
293,0.45495495495495497,0.6234567901234568,0.5260416666666666,162.0
294,1.0,0.021739130434782608,0.042553191489361694,46.0
295,0.32947976878612717,0.5181818181818182,0.40282685512367494,110.0
296,0.6666666666666666,0.06153846153846154,0.11267605633802817,65.0
297,0.311046511627907,0.601123595505618,0.4099616858237548,178.0
298,0.18471337579617833,0.19463087248322147,0.1895424836601307,149.0
299,0.5121951219512195,0.22340425531914893,0.3111111111111111,188.0
300,0.47619047619047616,0.15810276679841898,0.23738872403560835,253.0
301,0.42857142857142855,0.01910828025477707,0.036585365853658534,157.0
302,0.3493975903614458,0.1657142857142857,0.22480620155038758,175.0
303,0.44776119402985076,0.11152416356877323,0.17857142857142858,269.0
304,0.42105263157894735,0.07174887892376682,0.12260536398467434,223.0
305,1.0,0.023809523809523808,0.046511627906976744,42.0
306,0.4,0.0970873786407767,0.15625,103.0
307,0.782608695652174,0.8059701492537313,0.7941176470588236,134.0
308,0.4117647058823529,0.051094890510948905,0.09090909090909091,137.0
309,0.5,0.02962962962962963,0.055944055944055944,135.0
310,0.5263157894736842,0.5533596837944664,0.5394990366088632,253.0
311,0.5045871559633027,0.5045871559633027,0.5045871559633027,218.0
312,0.4642857142857143,0.5909090909090909,0.52,110.0
313,0.43333333333333335,0.11206896551724138,0.17808219178082194,116.0
314,0.15625,0.053763440860215055,0.07999999999999999,93.0
315,0.21787709497206703,0.2765957446808511,0.24375000000000002,141.0
316,0.29577464788732394,0.1242603550295858,0.175,169.0
317,0.2465437788018433,0.43673469387755104,0.31516936671575846,245.0
318,0.18994413407821228,0.23129251700680273,0.2085889570552147,147.0
319,0.336734693877551,0.21428571428571427,0.2619047619047619,154.0
320,0.36666666666666664,0.09734513274336283,0.15384615384615385,113.0
321,0.6099706744868035,0.6910299003322259,0.64797507788162,301.0
322,0.2532467532467532,0.22285714285714286,0.2370820668693009,175.0
323,0.7090909090909091,0.18660287081339713,0.29545454545454547,209.0
324,0.8,0.029850746268656716,0.05755395683453237,134.0
325,0.3333333333333333,0.010416666666666666,0.0202020202020202,96.0
326,0.9272727272727272,0.5645756457564576,0.701834862385321,271.0
327,0.3125,0.1497005988023952,0.20242914979757085,167.0
328,0.2153846153846154,0.358974358974359,0.2692307692307693,117.0
329,0.41935483870967744,0.10833333333333334,0.17218543046357615,120.0
330,0.8208955223880597,0.6297709923664122,0.7127429805615552,262.0
331,0.8792270531400966,0.6408450704225352,0.7413441955193482,284.0
332,0.535031847133758,0.6666666666666666,0.5936395759717314,126.0
333,0.3950617283950617,0.3316062176165803,0.3605633802816901,193.0
334,0.375,0.043478260869565216,0.07792207792207792,69.0
335,0.16666666666666666,0.11627906976744186,0.136986301369863,43.0
336,0.3472222222222222,0.2358490566037736,0.28089887640449446,106.0
337,0.130879345603272,0.46715328467153283,0.20447284345047925,137.0
338,0.25,0.021739130434782608,0.04,138.0
339,0.6956521739130435,0.05818181818181818,0.10738255033557047,275.0
340,0.4473684210526316,0.2537313432835821,0.3238095238095238,134.0
341,0.40789473684210525,0.20666666666666667,0.2743362831858407,150.0
342,0.17777777777777778,0.11594202898550725,0.14035087719298248,69.0
343,0.5,0.09090909090909091,0.15384615384615385,44.0
344,0.2807017543859649,0.15841584158415842,0.20253164556962022,101.0
345,0.3769230769230769,0.296969696969697,0.33220338983050846,165.0
346,0.2916666666666667,0.05343511450381679,0.0903225806451613,131.0
347,0.2857142857142857,0.12598425196850394,0.17486338797814208,127.0
348,0.22268907563025211,0.292817679558011,0.2529832935560859,181.0
349,0.5925925925925926,0.3282051282051282,0.42244224422442245,195.0
350,0.2,0.1415525114155251,0.1657754010695187,219.0
351,0.32432432432432434,0.1782178217821782,0.23003194888178918,202.0
352,0.5263157894736842,0.0546448087431694,0.09900990099009901,183.0
353,0.35294117647058826,0.061224489795918366,0.10434782608695652,98.0
354,0.42857142857142855,0.08391608391608392,0.14035087719298245,143.0
355,0.5781990521327014,0.4728682170542636,0.5202558635394456,258.0
356,0.875,0.02456140350877193,0.04778156996587031,285.0
357,0.4166666666666667,0.16233766233766234,0.23364485981308414,154.0
358,0.35714285714285715,0.054945054945054944,0.09523809523809525,91.0
359,0.5384615384615384,0.23863636363636365,0.3307086614173228,88.0
360,0.10344827586206896,0.04838709677419355,0.06593406593406594,62.0
361,0.1746031746031746,0.19642857142857142,0.1848739495798319,56.0
362,0.4,0.02962962962962963,0.055172413793103454,135.0
363,0.2958579881656805,0.43478260869565216,0.35211267605633806,115.0
364,0.13846153846153847,0.3201581027667984,0.19331742243436756,253.0
365,0.27722772277227725,0.15300546448087432,0.1971830985915493,183.0
366,0.1016949152542373,0.06741573033707865,0.08108108108108107,178.0
367,0.08433734939759036,0.03431372549019608,0.04878048780487805,204.0
368,0.3684210526315789,0.19090909090909092,0.25149700598802394,110.0
369,0.2727272727272727,0.0891089108910891,0.13432835820895522,101.0
370,0.25,0.07228915662650602,0.11214953271028036,83.0
371,0.6666666666666666,0.023809523809523808,0.04597701149425287,84.0
372,0.35294117647058826,0.07142857142857142,0.1188118811881188,84.0
373,0.37209302325581395,0.6906474820143885,0.48362720403022674,139.0
374,0.271356783919598,0.26732673267326734,0.2693266832917705,202.0
375,0.09615384615384616,0.0684931506849315,0.08000000000000002,146.0
376,0.6952380952380952,0.5488721804511278,0.6134453781512605,266.0
377,0.25,0.08849557522123894,0.130718954248366,113.0
378,0.4,0.1188118811881188,0.183206106870229,101.0
379,0.3333333333333333,0.042735042735042736,0.07575757575757576,117.0
380,0.22666666666666666,0.09659090909090909,0.13545816733067728,176.0
381,0.42857142857142855,0.08333333333333333,0.13953488372093023,36.0
382,0.33727810650887574,0.4769874476987448,0.3951473136915078,239.0
383,0.24054982817869416,0.35714285714285715,0.2874743326488706,196.0
384,0.11,0.2214765100671141,0.14699331848552338,149.0
385,0.0,0.0,0.0,32.0
386,0.0,0.0,0.0,46.0
387,0.16666666666666666,0.08292682926829269,0.11074918566775245,205.0
388,0.35714285714285715,0.09433962264150944,0.1492537313432836,159.0
389,0.35714285714285715,0.019762845849802372,0.03745318352059925,253.0
390,0.3333333333333333,0.07142857142857142,0.11764705882352941,56.0
391,0.4857142857142857,0.09289617486338798,0.1559633027522936,183.0
392,0.4147465437788018,0.4326923076923077,0.4235294117647059,208.0
393,0.7194244604316546,0.5376344086021505,0.6153846153846153,186.0
394,0.6432160804020101,0.6066350710900474,0.624390243902439,211.0
395,0.25663716814159293,0.32222222222222224,0.28571428571428575,90.0
396,0.10256410256410256,0.16666666666666666,0.12698412698412698,24.0
397,0.14285714285714285,0.27358490566037735,0.18770226537216828,106.0
398,0.5714285714285714,0.1391304347826087,0.2237762237762238,115.0
399,0.35714285714285715,0.056818181818181816,0.09803921568627451,264.0
400,0.29411764705882354,0.05747126436781609,0.09615384615384616,87.0
401,0.2925531914893617,0.3767123287671233,0.3293413173652695,146.0
402,0.2988505747126437,0.19696969696969696,0.23744292237442924,132.0
403,0.5485232067510548,0.6532663316582915,0.5963302752293579,199.0
404,0.5714285714285714,0.023668639053254437,0.045454545454545456,169.0
405,0.25,0.024390243902439025,0.04444444444444444,41.0
406,0.6,0.2857142857142857,0.3870967741935483,126.0
407,0.38095238095238093,0.16,0.22535211267605634,50.0
408,0.2288135593220339,0.35294117647058826,0.2776349614395887,153.0
409,0.23137254901960785,0.7515923566878981,0.3538230884557721,157.0
410,0.4444444444444444,0.08888888888888889,0.14814814814814814,45.0
411,0.3620689655172414,0.10714285714285714,0.16535433070866143,196.0
412,0.4745762711864407,0.1590909090909091,0.23829787234042552,176.0
413,0.3917525773195876,0.38190954773869346,0.3867684478371501,199.0
414,0.233502538071066,0.4623115577889447,0.3102866779089376,199.0
415,0.40476190476190477,0.15246636771300448,0.22149837133550487,223.0
416,0.35135135135135137,0.143646408839779,0.20392156862745095,181.0
417,0.4492753623188406,0.15270935960591134,0.22794117647058823,203.0
418,0.23636363636363636,0.3333333333333333,0.276595744680851,195.0
419,0.5425531914893617,0.2318181818181818,0.3248407643312102,220.0
420,0.4230769230769231,0.25,0.3142857142857143,88.0
421,0.3554817275747508,0.6858974358974359,0.4682713347921226,156.0
422,0.8,0.6263345195729537,0.7025948103792415,281.0
423,0.13333333333333333,0.07954545454545454,0.09964412811387899,176.0
424,0.17391304347826086,0.06153846153846154,0.09090909090909091,65.0
425,0.27741935483870966,0.48863636363636365,0.35390946502057613,88.0
426,0.5,0.01694915254237288,0.03278688524590164,118.0
427,0.48677248677248675,0.6301369863013698,0.5492537313432835,146.0
428,0.7554347826086957,0.7722222222222223,0.7637362637362637,180.0
429,0.7586206896551724,0.7096774193548387,0.7333333333333333,248.0
430,0.03536977491961415,0.20754716981132076,0.06043956043956044,53.0
431,0.28804347826086957,0.34415584415584416,0.31360946745562135,154.0
432,0.2857142857142857,0.05,0.0851063829787234,80.0
433,0.4117647058823529,0.2517985611510791,0.31249999999999994,139.0
434,0.17647058823529413,0.013392857142857142,0.02489626556016597,224.0
435,0.3181818181818182,0.1346153846153846,0.18918918918918917,52.0
436,0.45588235294117646,0.16489361702127658,0.24218749999999997,188.0
437,0.30952380952380953,0.42276422764227645,0.3573883161512027,123.0
438,0.43902439024390244,0.08450704225352113,0.14173228346456693,213.0
439,0.6153846153846154,0.047337278106508875,0.0879120879120879,169.0
440,0.3902439024390244,0.16,0.22695035460992907,100.0
441,0.3515625,0.5,0.41284403669724773,90.0
442,0.25,0.08695652173913043,0.12903225806451613,92.0
443,0.2571428571428571,0.11842105263157894,0.16216216216216217,76.0
444,0.049019607843137254,0.09090909090909091,0.06369426751592357,55.0
445,0.03571428571428571,0.13934426229508196,0.0568561872909699,122.0
446,0.7142857142857143,0.030864197530864196,0.059171597633136085,162.0
447,0.11,0.06875,0.08461538461538462,160.0
448,0.3,0.025,0.04615384615384615,120.0
449,0.3333333333333333,0.1419753086419753,0.1991341991341991,162.0
450,0.3972602739726027,0.11646586345381527,0.18012422360248448,249.0
451,0.37037037037037035,0.08333333333333333,0.1360544217687075,120.0
452,0.20238095238095238,0.22666666666666666,0.2138364779874214,75.0
453,0.0,0.0,0.0,168.0
454,0.3448275862068966,0.046948356807511735,0.08264462809917356,213.0
455,0.43478260869565216,0.09523809523809523,0.15625,105.0
456,0.3902439024390244,0.3076923076923077,0.34408602150537637,104.0
457,0.5,0.008333333333333333,0.01639344262295082,120.0
458,0.24157303370786518,0.542016806722689,0.33419689119170987,238.0
459,0.27450980392156865,0.6054054054054054,0.3777403035413153,185.0
460,0.7142857142857143,0.13636363636363635,0.22900763358778622,220.0
461,0.7142857142857143,0.05555555555555555,0.10309278350515463,90.0
462,0.23076923076923078,0.12244897959183673,0.16,98.0
463,0.5,0.05263157894736842,0.09523809523809525,76.0
464,0.288135593220339,0.12878787878787878,0.17801047120418848,132.0
465,0.3333333333333333,0.11428571428571428,0.1702127659574468,105.0
466,0.2125984251968504,0.3333333333333333,0.25961538461538464,162.0
467,0.42857142857142855,0.03125,0.05825242718446602,96.0
468,0.8258928571428571,0.592948717948718,0.6902985074626866,312.0
469,0.45,0.09090909090909091,0.15126050420168066,99.0
470,0.16666666666666666,0.018867924528301886,0.03389830508474576,106.0
471,0.1956521739130435,0.15,0.16981132075471697,60.0
472,0.07766990291262135,0.05405405405405406,0.06374501992031872,148.0
473,0.732620320855615,0.7569060773480663,0.7445652173913043,181.0
474,0.2727272727272727,0.07627118644067797,0.11920529801324503,118.0
475,0.6402877697841727,0.5493827160493827,0.5913621262458473,162.0
476,0.325,0.24528301886792453,0.27956989247311825,106.0
477,0.32,0.0898876404494382,0.14035087719298245,178.0
478,0.16981132075471697,0.21686746987951808,0.19047619047619047,83.0
479,0.5824742268041238,0.6686390532544378,0.6225895316804408,169.0
480,0.7699115044247787,0.7933130699088146,0.781437125748503,329.0
481,0.6,0.0379746835443038,0.07142857142857144,79.0
482,0.6923076923076923,0.06382978723404255,0.11688311688311688,141.0
483,0.5725190839694656,0.6024096385542169,0.5870841487279843,249.0
484,0.17857142857142858,0.1590909090909091,0.16826923076923075,220.0
485,0.6914893617021277,0.38461538461538464,0.49429657794676807,169.0
486,0.2097902097902098,0.3468208092485549,0.261437908496732,173.0
487,0.4523809523809524,0.36893203883495146,0.40641711229946526,206.0
488,0.19480519480519481,0.1388888888888889,0.16216216216216217,216.0
489,0.3125,0.07042253521126761,0.11494252873563218,71.0
490,0.13953488372093023,0.05309734513274336,0.07692307692307693,113.0
491,0.0,0.0,0.0,69.0
492,0.027700831024930747,0.22058823529411764,0.04922067268252665,136.0
493,0.04918032786885246,0.2903225806451613,0.08411214953271028,155.0
494,0.3076923076923077,0.10126582278481013,0.1523809523809524,79.0
495,0.3888888888888889,0.047619047619047616,0.08484848484848484,147.0
496,0.463768115942029,0.25396825396825395,0.3282051282051282,126.0
497,0.2857142857142857,0.07692307692307693,0.12121212121212123,26.0
498,0.6923076923076923,0.6324324324324324,0.6610169491525424,185.0
499,1.0,0.022556390977443608,0.04411764705882353,133.0
500,0.75,0.06,0.1111111111111111,50.0
501,0.24615384615384617,0.11940298507462686,0.16080402010050251,134.0
502,0.4372093023255814,0.4351851851851852,0.43619489559164737,216.0
503,0.22093023255813954,0.08520179372197309,0.12297734627831716,223.0
504,0.0,0.0,0.0,92.0
505,0.2079207920792079,0.19811320754716982,0.2028985507246377,106.0
506,0.5,0.01818181818181818,0.03508771929824561,55.0
507,0.5,0.050359712230215826,0.0915032679738562,139.0
508,0.05063291139240506,0.1523809523809524,0.07600950118764846,105.0
509,0.1352405721716515,0.6582278481012658,0.22437971952535057,158.0
510,0.6666666666666666,0.02,0.038834951456310676,100.0
511,0.4375,0.07368421052631578,0.12612612612612611,95.0
512,0.7589743589743589,0.6757990867579908,0.714975845410628,219.0
513,0.1315240083507307,0.3795180722891566,0.19534883720930232,166.0
514,0.47413793103448276,0.25462962962962965,0.3313253012048193,216.0
515,0.15873015873015872,0.19607843137254902,0.1754385964912281,102.0
516,0.2624113475177305,0.6666666666666666,0.37659033078880405,111.0
517,0.7058823529411765,0.08333333333333333,0.14906832298136644,144.0
518,0.25757575757575757,0.3893129770992366,0.3100303951367781,262.0
519,0.23184357541899442,0.5724137931034483,0.33001988071570576,145.0
520,0.3181818181818182,0.04794520547945205,0.08333333333333331,146.0
521,0.6564102564102564,0.4794007490636704,0.5541125541125541,267.0
522,0.3246753246753247,0.487012987012987,0.38961038961038963,154.0
523,0.75,0.18,0.2903225806451613,150.0
524,0.7279411764705882,0.41596638655462187,0.5294117647058824,238.0
525,0.22727272727272727,0.24663677130044842,0.23655913978494625,223.0
526,0.12365591397849462,0.08098591549295775,0.09787234042553192,284.0
527,0.5957446808510638,0.28717948717948716,0.38754325259515565,195.0
528,0.39473684210526316,0.12605042016806722,0.1910828025477707,119.0
529,0.4050632911392405,0.21052631578947367,0.27705627705627706,152.0
530,0.36363636363636365,0.056338028169014086,0.09756097560975611,71.0
531,0.37037037037037035,0.07692307692307693,0.12738853503184713,130.0
532,0.375,0.08823529411764706,0.14285714285714285,136.0
533,0.10455764075067024,0.325,0.15821501014198783,120.0
534,0.2857142857142857,0.14285714285714285,0.19047619047619047,14.0
535,0.15384615384615385,0.09467455621301775,0.11721611721611722,169.0
536,0.30434782608695654,0.058333333333333334,0.09790209790209789,120.0
537,0.47619047619047616,0.05917159763313609,0.10526315789473684,169.0
538,0.42857142857142855,0.03225806451612903,0.06,93.0
539,0.49214659685863876,0.33098591549295775,0.3957894736842106,284.0
540,0.2037914691943128,0.3115942028985507,0.2464183381088825,138.0
541,0.1724137931034483,0.11627906976744186,0.1388888888888889,43.0
542,0.6111111111111112,0.07692307692307693,0.13664596273291926,143.0
543,0.3333333333333333,0.4117647058823529,0.36842105263157887,204.0
544,0.5,0.012345679012345678,0.024096385542168672,162.0
545,0.14912280701754385,0.13385826771653545,0.14107883817427389,127.0
546,0.26865671641791045,0.14516129032258066,0.1884816753926702,124.0
547,0.3333333333333333,0.009174311926605505,0.01785714285714286,109.0
548,0.3741935483870968,0.41134751773049644,0.39189189189189194,141.0
549,0.17543859649122806,0.09174311926605505,0.12048192771084339,109.0
550,0.4046242774566474,0.35175879396984927,0.3763440860215054,199.0
551,0.2077922077922078,0.13008130081300814,0.16000000000000003,123.0
552,1.0,0.0125,0.02469135802469136,80.0
553,0.12283737024221453,0.47651006711409394,0.1953232462173315,149.0
554,0.5263157894736842,0.06172839506172839,0.11049723756906078,162.0
555,0.38181818181818183,0.31343283582089554,0.34426229508196726,67.0
556,0.6190476190476191,0.2857142857142857,0.39097744360902253,182.0
557,0.5813953488372093,0.5524861878453039,0.56657223796034,181.0
558,0.35789473684210527,0.5528455284552846,0.43450479233226835,123.0
559,0.313953488372093,0.14594594594594595,0.19926199261992622,185.0
560,0.8333333333333334,0.06493506493506493,0.12048192771084336,77.0
561,0.42105263157894735,0.06349206349206349,0.1103448275862069,126.0
562,0.35751295336787564,0.5369649805447471,0.42923794712286156,257.0
563,0.38461538461538464,0.08241758241758242,0.13574660633484165,182.0
564,0.4117647058823529,0.07216494845360824,0.12280701754385964,97.0
565,0.18518518518518517,0.049019607843137254,0.07751937984496124,102.0
566,0.4523809523809524,0.3220338983050847,0.37623762376237624,118.0
567,0.3170731707317073,0.3291139240506329,0.3229813664596273,237.0
568,0.3953488372093023,0.07727272727272727,0.12927756653992395,220.0
569,0.275,0.12222222222222222,0.1692307692307692,90.0
570,0.16417910447761194,0.048458149779735685,0.07482993197278912,227.0
571,0.44166666666666665,0.38405797101449274,0.41085271317829464,138.0
572,0.35294117647058826,0.10434782608695652,0.16107382550335572,115.0
573,0.29336734693877553,0.5778894472361809,0.38917089678511,199.0
574,0.15384615384615385,0.1,0.12121212121212123,40.0
575,0.3333333333333333,0.023076923076923078,0.04316546762589929,130.0
576,0.16981132075471697,0.2608695652173913,0.20571428571428568,69.0
577,0.25333333333333335,0.3220338983050847,0.2835820895522388,59.0
578,0.42857142857142855,0.14201183431952663,0.21333333333333335,169.0
579,0.7681159420289855,0.6523076923076923,0.7054908485856904,325.0
580,0.5,0.015873015873015872,0.03076923076923077,63.0
581,0.4444444444444444,0.04938271604938271,0.08888888888888889,162.0
582,0.265625,0.15668202764976957,0.1971014492753623,217.0
583,0.46808510638297873,0.25,0.32592592592592595,176.0
584,0.12857142857142856,0.13636363636363635,0.13235294117647056,66.0
585,1.0,0.07777777777777778,0.1443298969072165,90.0
586,0.4444444444444444,0.05405405405405406,0.0963855421686747,148.0
587,0.5515463917525774,0.6407185628742516,0.592797783933518,167.0
588,0.375,0.01948051948051948,0.037037037037037035,154.0
589,0.24719101123595505,0.08088235294117647,0.1218836565096953,272.0
590,0.4666666666666667,0.05343511450381679,0.09589041095890412,131.0
591,0.44642857142857145,0.15432098765432098,0.22935779816513766,162.0
592,0.1271186440677966,0.1271186440677966,0.1271186440677966,118.0
593,0.0,0.0,0.0,35.0
594,0.2875,0.14838709677419354,0.19574468085106383,155.0
595,0.2962962962962963,0.07407407407407407,0.11851851851851852,108.0
596,0.0,0.0,0.0,169.0
597,0.3333333333333333,0.043478260869565216,0.07692307692307691,69.0
598,0.75,0.03715170278637771,0.07079646017699115,323.0
599,0.391304347826087,0.10588235294117647,0.16666666666666666,85.0
600,0.12709832134292565,0.24311926605504589,0.16692913385826771,218.0
601,0.2111801242236025,0.20359281437125748,0.2073170731707317,167.0
602,0.2987012987012987,0.4791666666666667,0.368,48.0
603,0.30303030303030304,0.2857142857142857,0.2941176470588235,105.0
604,0.2962962962962963,0.11940298507462686,0.1702127659574468,134.0
605,0.2647058823529412,0.12,0.16513761467889906,75.0
606,0.09722222222222222,0.09859154929577464,0.0979020979020979,71.0
607,0.36363636363636365,0.032520325203252036,0.05970149253731344,246.0
608,0.21875,0.3146067415730337,0.25806451612903225,89.0
609,0.4345991561181435,0.4703196347031963,0.45175438596491224,219.0
610,0.5046728971962616,0.3176470588235294,0.38989169675090246,170.0
611,0.24489795918367346,0.11764705882352941,0.15894039735099338,102.0
612,0.3125,0.14792899408284024,0.20080321285140562,169.0
613,0.5983606557377049,0.6431718061674009,0.6199575371549894,227.0
614,0.10185185185185185,0.07586206896551724,0.08695652173913043,145.0
615,0.48,0.05825242718446602,0.1038961038961039,206.0
616,0.41935483870967744,0.14444444444444443,0.21487603305785122,90.0
617,0.5,0.03571428571428571,0.06666666666666667,56.0
618,0.04830917874396135,0.17857142857142858,0.07604562737642585,56.0
619,0.24242424242424243,0.06153846153846154,0.09815950920245399,130.0
620,0.3379501385041551,0.40131578947368424,0.3669172932330827,304.0
621,0.35714285714285715,0.10309278350515463,0.16,97.0
622,0.42857142857142855,0.04838709677419355,0.08695652173913042,62.0
623,0.3939393939393939,0.19696969696969696,0.26262626262626265,132.0
624,0.5625,0.05325443786982249,0.09729729729729729,169.0
625,0.189873417721519,0.16574585635359115,0.17699115044247787,181.0
626,0.4166666666666667,0.026737967914438502,0.05025125628140703,187.0
627,0.28703703703703703,0.2627118644067797,0.27433628318584075,118.0
628,0.16666666666666666,0.07142857142857142,0.1,14.0
629,0.37777777777777777,0.18888888888888888,0.2518518518518518,90.0
630,0.42857142857142855,0.05142857142857143,0.09183673469387754,175.0
631,0.8,0.03333333333333333,0.064,120.0
632,0.2222222222222222,0.13114754098360656,0.16494845360824742,61.0
633,0.5241379310344828,0.5277777777777778,0.5259515570934257,144.0
634,0.35294117647058826,0.0375,0.06779661016949153,160.0
635,0.3696969696969697,0.3652694610778443,0.36746987951807225,167.0
636,0.19883040935672514,0.1708542713567839,0.1837837837837838,199.0
637,0.36363636363636365,0.09090909090909091,0.14545454545454545,132.0
638,0.32432432432432434,0.1188118811881188,0.17391304347826086,101.0
639,0.25,0.14720812182741116,0.1853035143769968,197.0
640,0.3617021276595745,0.07391304347826087,0.12274368231046931,230.0
641,0.3875,0.22627737226277372,0.2857142857142857,137.0
642,0.17647058823529413,0.030303030303030304,0.05172413793103448,99.0
643,0.5405405405405406,0.09523809523809523,0.16194331983805665,210.0
644,0.2903225806451613,0.13432835820895522,0.1836734693877551,67.0
645,0.3235294117647059,0.07913669064748201,0.12716763005780346,139.0
646,0.35714285714285715,0.1048951048951049,0.16216216216216217,143.0
647,0.4296577946768061,0.5678391959798995,0.4891774891774892,199.0
648,0.5566037735849056,0.3105263157894737,0.39864864864864863,190.0
649,0.15625,0.10638297872340426,0.12658227848101267,94.0
650,0.19148936170212766,0.16666666666666666,0.17821782178217818,108.0
651,0.4576271186440678,0.6605504587155964,0.5406758448060075,327.0
652,0.15384615384615385,0.05555555555555555,0.0816326530612245,108.0
653,0.6,0.045,0.08372093023255814,200.0
654,0.32653061224489793,0.32,0.3232323232323232,150.0
655,0.1076388888888889,0.21678321678321677,0.14385150812064965,143.0
656,0.3333333333333333,0.02030456852791878,0.03827751196172249,197.0
657,0.4024390243902439,0.36666666666666664,0.38372093023255816,180.0
658,0.1724137931034483,0.16339869281045752,0.16778523489932887,153.0
659,0.4752475247524752,0.5748502994011976,0.5203252032520324,167.0
660,0.6395348837209303,0.3179190751445087,0.42471042471042475,173.0
661,0.22727272727272727,0.04830917874396135,0.0796812749003984,207.0
662,0.45,0.05844155844155844,0.10344827586206895,154.0
663,0.3548387096774194,0.043137254901960784,0.07692307692307691,255.0
664,0.3251231527093596,0.3728813559322034,0.3473684210526316,177.0
665,0.75,0.02158273381294964,0.04195804195804196,139.0
666,0.1978021978021978,0.15859030837004406,0.17603911980440098,227.0
667,0.45454545454545453,0.10526315789473684,0.17094017094017094,95.0
668,0.2857142857142857,0.08376963350785341,0.12955465587044535,191.0
669,0.5384615384615384,0.0707070707070707,0.125,99.0
670,0.3333333333333333,0.12149532710280374,0.1780821917808219,107.0
671,0.35,0.3835616438356164,0.3660130718954248,146.0
672,0.2150170648464164,0.3620689655172414,0.2698072805139186,174.0
673,0.41904761904761906,0.5057471264367817,0.4583333333333333,261.0
674,0.41139240506329117,0.42483660130718953,0.4180064308681672,153.0
675,0.4,0.023809523809523808,0.0449438202247191,168.0
676,0.490625,0.596958174904943,0.5385934819897084,263.0
677,0.4,0.12949640287769784,0.19565217391304351,139.0
678,0.2,0.010101010101010102,0.019230769230769232,99.0
679,0.4338235294117647,0.36875,0.39864864864864863,160.0
680,0.4117647058823529,0.07692307692307693,0.12962962962962962,91.0
681,0.4,0.014925373134328358,0.028776978417266185,134.0
682,0.5537974683544303,0.6505576208178439,0.5982905982905983,269.0
683,0.06857142857142857,0.24,0.10666666666666667,100.0
684,0.5581395348837209,0.08921933085501858,0.15384615384615385,269.0
685,0.18233618233618235,0.4507042253521127,0.25963488843813387,142.0
686,0.6086956521739131,0.08187134502923976,0.14432989690721648,171.0
687,0.0,0.0,0.0,81.0
688,0.5375722543352601,0.6326530612244898,0.58125,294.0
689,0.5,0.016666666666666666,0.03225806451612903,60.0
690,0.3,0.04128440366972477,0.07258064516129033,218.0
691,0.3333333333333333,0.028985507246376812,0.05333333333333333,69.0
692,0.3181818181818182,0.04046242774566474,0.0717948717948718,173.0
693,0.3125,0.19607843137254902,0.24096385542168675,102.0
694,0.4338235294117647,0.29797979797979796,0.35329341317365265,198.0
695,0.18072289156626506,0.06550218340611354,0.09615384615384615,229.0
696,0.25,0.1044776119402985,0.1473684210526316,67.0
697,0.3125,0.09090909090909091,0.14084507042253522,55.0
698,0.14285714285714285,0.043478260869565216,0.06666666666666667,23.0
699,0.5,0.02040816326530612,0.039215686274509796,98.0
700,0.6153846153846154,0.04020100502512563,0.07547169811320756,199.0
701,0.25,0.015873015873015872,0.029850746268656716,126.0
702,0.40816326530612246,0.12903225806451613,0.19607843137254902,155.0
703,0.10263929618768329,0.3125,0.15452538631346577,224.0
704,0.14444444444444443,0.06403940886699508,0.08873720136518772,203.0
705,0.14285714285714285,0.1568627450980392,0.14953271028037382,153.0
706,0.2903225806451613,0.13533834586466165,0.1846153846153846,133.0
707,0.1619718309859155,0.1513157894736842,0.1564625850340136,152.0
708,0.35294117647058826,0.06315789473684211,0.10714285714285714,190.0
709,0.5323529411764706,0.7298387096774194,0.6156462585034014,248.0
710,0.15789473684210525,0.04225352112676056,0.06666666666666667,71.0
711,0.0,0.0,0.0,65.0
712,0.4489795918367347,0.4370860927152318,0.44295302013422816,151.0
713,0.38461538461538464,0.023148148148148147,0.043668122270742356,216.0
714,0.25,0.038461538461538464,0.06666666666666668,52.0
715,0.3819444444444444,0.36666666666666664,0.37414965986394555,150.0
716,0.6086956521739131,0.5185185185185185,0.5599999999999999,135.0
717,0.6470588235294118,0.10891089108910891,0.1864406779661017,101.0
718,0.11290322580645161,0.19021739130434784,0.1417004048582996,184.0
719,0.09,0.05389221556886228,0.06741573033707865,167.0
720,0.625,0.05263157894736842,0.0970873786407767,95.0
721,0.35294117647058826,0.047244094488188976,0.08333333333333333,127.0
722,0.4068965517241379,0.2532188841201717,0.3121693121693122,233.0
723,0.47058823529411764,0.1893491124260355,0.270042194092827,169.0
724,0.41262135922330095,0.3881278538812785,0.39999999999999997,219.0
725,0.3829787234042553,0.1016949152542373,0.16071428571428573,177.0
726,0.11764705882352941,0.06153846153846154,0.08080808080808081,130.0
727,0.52,0.19696969696969696,0.28571428571428564,132.0
728,0.255,0.26153846153846155,0.2582278481012658,195.0
729,0.5641025641025641,0.43478260869565216,0.4910714285714286,253.0
730,0.49411764705882355,0.6116504854368932,0.5466377440347071,206.0
731,0.43,0.1853448275862069,0.25903614457831325,232.0
732,0.04974271012006861,0.18125,0.07806191117092866,160.0
733,0.5384615384615384,0.03349282296650718,0.06306306306306307,209.0
734,0.21428571428571427,0.03,0.05263157894736842,100.0
735,0.15267175572519084,0.18181818181818182,0.16597510373443985,220.0
736,0.38095238095238093,0.047058823529411764,0.08376963350785341,170.0
737,0.52,0.10833333333333334,0.1793103448275862,120.0
738,0.4375,0.0625,0.109375,112.0
739,0.5671641791044776,0.5327102803738317,0.5493975903614458,214.0
740,0.06976744186046512,0.3620689655172414,0.116991643454039,116.0
741,0.710691823899371,0.4977973568281938,0.5854922279792746,227.0
742,0.5306122448979592,0.41106719367588934,0.4632516703786192,253.0
743,0.24912891986062718,0.6033755274261603,0.3526510480887793,237.0
744,0.6222222222222222,0.3660130718954248,0.46090534979423864,153.0
745,0.5,0.027624309392265192,0.05235602094240837,181.0
746,0.18840579710144928,0.36792452830188677,0.24920127795527158,106.0
747,0.1568627450980392,0.20100502512562815,0.1762114537444934,199.0
748,0.4444444444444444,0.28346456692913385,0.3461538461538462,127.0
749,0.4722222222222222,0.056105610561056105,0.10029498525073745,303.0
750,0.5486111111111112,0.43646408839779005,0.48615384615384616,181.0
751,0.44,0.09649122807017543,0.15827338129496402,114.0
752,0.2222222222222222,0.08108108108108109,0.11881188118811882,74.0
753,0.2533783783783784,0.41899441340782123,0.3157894736842105,179.0
754,0.40860215053763443,0.25333333333333335,0.31275720164609055,150.0
755,0.24242424242424243,0.03162055335968379,0.055944055944055944,253.0
756,0.21428571428571427,0.057692307692307696,0.09090909090909091,52.0
757,0.4444444444444444,0.05555555555555555,0.09876543209876543,144.0
758,0.5283018867924528,0.43243243243243246,0.475583864118896,259.0
759,0.3684210526315789,0.06542056074766354,0.11111111111111109,107.0
760,0.0,0.0,0.0,115.0
761,0.6,0.047244094488188976,0.08759124087591241,127.0
762,0.6721311475409836,0.30597014925373134,0.4205128205128205,134.0
763,0.2727272727272727,0.026785714285714284,0.048780487804878044,112.0
764,0.39759036144578314,0.28820960698689957,0.3341772151898734,229.0
765,0.42857142857142855,0.1282051282051282,0.19736842105263155,234.0
766,0.26666666666666666,0.0594059405940594,0.09716599190283401,202.0
767,0.7962962962962963,0.46236559139784944,0.5850340136054422,93.0
768,0.25263157894736843,0.2807017543859649,0.26592797783933514,171.0
769,0.5,0.028846153846153848,0.05454545454545455,104.0
770,0.21153846153846154,0.09565217391304348,0.13173652694610777,115.0
771,0.6071428571428571,0.24401913875598086,0.34812286689419797,209.0
772,0.625,0.056179775280898875,0.10309278350515465,178.0
773,0.4125,0.11262798634812286,0.17694369973190346,293.0
774,0.5774647887323944,0.7765151515151515,0.6623586429725363,264.0
775,0.15,0.061224489795918366,0.08695652173913043,49.0
776,0.2647058823529412,0.10843373493975904,0.15384615384615383,83.0
777,0.4666666666666667,0.15555555555555556,0.23333333333333334,45.0
778,0.8271604938271605,0.37222222222222223,0.5134099616858238,180.0
779,0.32558139534883723,0.1076923076923077,0.16184971098265896,130.0
780,1.0,0.016129032258064516,0.031746031746031744,124.0
781,0.35294117647058826,0.11214953271028037,0.1702127659574468,107.0
782,0.11940298507462686,0.27906976744186046,0.16724738675958187,86.0
783,0.34375,0.18032786885245902,0.23655913978494625,122.0
784,0.20588235294117646,0.12280701754385964,0.15384615384615385,57.0
785,0.6,0.2222222222222222,0.32432432432432434,216.0
786,0.3333333333333333,0.15384615384615385,0.21052631578947367,78.0
787,0.3508771929824561,0.08196721311475409,0.13289036544850497,244.0
788,0.21978021978021978,0.17857142857142858,0.19704433497536944,112.0
789,0.8,0.025157232704402517,0.04878048780487805,159.0
790,0.4166666666666667,0.13157894736842105,0.19999999999999998,114.0
791,1.0,0.010416666666666666,0.020618556701030924,192.0
792,0.5,0.006134969325153374,0.012121212121212123,163.0
793,0.32142857142857145,0.072,0.1176470588235294,125.0
794,0.448,0.3333333333333333,0.3822525597269624,168.0
795,0.5,0.014925373134328358,0.02898550724637681,67.0
796,0.527027027027027,0.6062176165803109,0.5638554216867468,193.0
797,0.8,0.02072538860103627,0.04040404040404041,193.0
798,0.6907216494845361,0.4527027027027027,0.5469387755102041,148.0
799,0.4375,0.05303030303030303,0.0945945945945946,132.0
800,0.27586206896551724,0.3096774193548387,0.2917933130699088,155.0
801,0.5333333333333333,0.057971014492753624,0.1045751633986928,138.0
802,0.6060606060606061,0.10695187165775401,0.18181818181818182,187.0
803,0.6814814814814815,0.3607843137254902,0.4717948717948718,255.0
804,0.4,0.058823529411764705,0.10256410256410256,34.0
805,0.2545454545454545,0.23728813559322035,0.24561403508771928,118.0
806,0.6296296296296297,0.08854166666666667,0.15525114155251143,192.0
807,0.375,0.23076923076923078,0.2857142857142857,78.0
808,0.1368421052631579,0.22033898305084745,0.16883116883116883,118.0
809,0.7559808612440191,0.6448979591836734,0.6960352422907489,245.0
810,0.6153846153846154,0.17777777777777778,0.27586206896551724,45.0
811,0.5372340425531915,0.4122448979591837,0.46651270207852197,245.0
812,0.5,0.3948497854077253,0.4412470023980815,233.0
813,0.30303030303030304,0.15625,0.20618556701030927,64.0
814,0.46368715083798884,0.33739837398373984,0.3905882352941177,246.0
815,0.5,0.038461538461538464,0.07142857142857144,104.0
816,0.0,0.0,0.0,99.0
817,0.22712933753943218,0.3333333333333333,0.2701688555347092,216.0
818,0.8198757763975155,0.6633165829145728,0.7333333333333333,199.0
819,0.2631578947368421,0.03816793893129771,0.06666666666666667,131.0
820,0.36363636363636365,0.08888888888888889,0.14285714285714285,90.0
821,0.2,0.23076923076923078,0.21428571428571427,26.0
822,0.42857142857142855,0.0625,0.10909090909090909,96.0
823,0.5084745762711864,0.6338028169014085,0.5642633228840126,142.0
824,0.0,0.0,0.0,261.0
825,0.625,0.025,0.04807692307692307,200.0
826,0.48717948717948717,0.07509881422924901,0.13013698630136986,253.0
827,0.3157894736842105,0.0975609756097561,0.14906832298136646,123.0
828,0.35294117647058826,0.07792207792207792,0.1276595744680851,154.0
829,0.6,0.38613861386138615,0.4698795180722891,202.0
830,0.23076923076923078,0.0410958904109589,0.06976744186046512,146.0
831,0.1,0.008695652173913044,0.016,115.0
832,0.23684210526315788,0.0967741935483871,0.13740458015267173,93.0
833,0.32142857142857145,0.2571428571428571,0.2857142857142857,35.0
834,0.5151515151515151,0.1691542288557214,0.2546816479400749,201.0
835,0.022727272727272728,0.03296703296703297,0.026905829596412554,91.0
836,0.3333333333333333,0.04838709677419355,0.08450704225352113,62.0
837,0.26506024096385544,0.21568627450980393,0.23783783783783785,102.0
838,0.3333333333333333,0.029411764705882353,0.05405405405405406,102.0
839,0.25,0.015625,0.029411764705882353,64.0
840,0.48,0.6363636363636364,0.5472312703583062,132.0
841,0.5981308411214953,0.4129032258064516,0.4885496183206106,155.0
842,0.5369127516778524,0.4371584699453552,0.4819277108433735,183.0
843,0.5714285714285714,0.042105263157894736,0.0784313725490196,95.0
844,0.30612244897959184,0.47038327526132406,0.3708791208791209,287.0
845,0.3142857142857143,0.12643678160919541,0.18032786885245902,87.0
846,0.32727272727272727,0.09230769230769231,0.144,195.0
847,0.3333333333333333,0.06666666666666667,0.1111111111111111,90.0
848,0.08888888888888889,0.039603960396039604,0.05479452054794521,101.0
849,0.5625,0.07964601769911504,0.13953488372093023,113.0
850,0.2097902097902098,0.22058823529411764,0.2150537634408602,136.0
851,0.4095744680851064,0.32489451476793246,0.3623529411764706,237.0
852,0.3219178082191781,0.40869565217391307,0.3601532567049809,115.0
853,0.38095238095238093,0.448,0.411764705882353,125.0
854,0.4461538461538462,0.5253623188405797,0.48252911813643923,276.0
855,0.21052631578947367,0.24427480916030533,0.22614840989399296,131.0
856,0.3216374269005848,0.25462962962962965,0.28423772609819126,216.0
857,0.12574850299401197,0.1024390243902439,0.11290322580645161,205.0
858,0.48905109489051096,0.24187725631768953,0.32367149758454106,277.0
859,0.30739299610894943,0.5563380281690141,0.39598997493734334,142.0
860,0.7857142857142857,0.1111111111111111,0.19469026548672566,99.0
861,0.24561403508771928,0.14736842105263157,0.18421052631578944,95.0
862,0.6875,0.08029197080291971,0.14379084967320263,137.0
863,0.3,0.09448818897637795,0.1437125748502994,127.0
864,0.3894736842105263,0.12982456140350876,0.19473684210526315,285.0
865,0.345679012345679,0.2204724409448819,0.2692307692307692,127.0
866,0.19444444444444445,0.17796610169491525,0.18584070796460178,118.0
867,0.0603448275862069,0.12727272727272726,0.08187134502923976,55.0
868,0.4482758620689655,0.13829787234042554,0.2113821138211382,188.0
869,0.204,0.2897727272727273,0.23943661971830987,176.0
870,0.2608695652173913,0.4945054945054945,0.34155597722960146,182.0
871,0.3448275862068966,0.11627906976744186,0.17391304347826086,86.0
872,0.4789915966386555,0.36774193548387096,0.41605839416058393,155.0
873,0.1457286432160804,0.2577777777777778,0.18619582664526485,225.0
874,0.6346153846153846,0.5176470588235295,0.5701943844492441,255.0
875,0.41379310344827586,0.10344827586206896,0.16551724137931034,116.0
876,0.42857142857142855,0.016574585635359115,0.031914893617021274,181.0
877,0.7345971563981043,0.6300813008130082,0.6783369803063457,246.0
878,0.2777777777777778,0.07462686567164178,0.11764705882352941,67.0
879,0.41304347826086957,0.1623931623931624,0.2331288343558282,117.0
880,0.375,0.04054054054054054,0.07317073170731707,74.0
881,0.25461254612546125,0.5111111111111111,0.3399014778325123,270.0
882,0.2457627118644068,0.2,0.22053231939163498,145.0
883,0.4,0.08383233532934131,0.1386138613861386,167.0
884,0.5975609756097561,0.5185185185185185,0.5552407932011331,189.0
885,0.46204620462046203,0.498220640569395,0.4794520547945205,281.0
886,0.3228346456692913,0.3867924528301887,0.351931330472103,106.0
887,0.5238095238095238,0.12716763005780346,0.20465116279069767,173.0
888,0.22317596566523606,0.46846846846846846,0.3023255813953489,111.0
889,0.25,0.10526315789473684,0.14814814814814814,95.0
890,0.4666666666666667,0.25925925925925924,0.33333333333333337,189.0
891,0.5,0.016666666666666666,0.03225806451612903,60.0
892,0.05258467023172905,0.41843971631205673,0.0934283452098179,141.0
893,0.6095890410958904,0.4517766497461929,0.5189504373177842,197.0
894,0.13043478260869565,0.08450704225352113,0.10256410256410256,71.0
895,0.3181818181818182,0.11666666666666667,0.17073170731707318,120.0
896,0.10112359550561797,0.12949640287769784,0.11356466876971609,139.0
897,0.3025,0.5330396475770925,0.3859649122807018,227.0
898,0.06666666666666667,0.14545454545454545,0.09142857142857144,55.0
899,0.4307692307692308,0.27184466019417475,0.3333333333333333,103.0
900,0.32116788321167883,0.30344827586206896,0.3120567375886525,145.0
901,0.75625,0.7806451612903226,0.7682539682539682,155.0
902,0.28,0.056451612903225805,0.09395973154362416,124.0
903,0.2054380664652568,0.576271186440678,0.3028953229398664,236.0
904,0.28,0.06363636363636363,0.1037037037037037,110.0
905,0.2727272727272727,0.015957446808510637,0.030150753768844216,188.0
906,0.28205128205128205,0.08148148148148149,0.12643678160919541,135.0
907,0.5,0.05,0.09090909090909091,20.0
908,0.38235294117647056,0.20855614973262032,0.2698961937716263,187.0
909,0.7873563218390804,0.6088888888888889,0.68671679197995,225.0
910,0.40217391304347827,0.5606060606060606,0.46835443037974683,132.0
911,0.7874015748031497,0.40816326530612246,0.5376344086021506,245.0
912,0.8,0.05263157894736842,0.09876543209876543,76.0
913,0.7058823529411765,0.08633093525179857,0.15384615384615385,139.0
914,0.3055555555555556,0.24444444444444444,0.2716049382716049,135.0
915,0.5434782608695652,0.3472222222222222,0.423728813559322,144.0
916,0.49230769230769234,0.1893491124260355,0.27350427350427353,169.0
917,0.11612903225806452,0.20930232558139536,0.14937759336099585,86.0
918,0.43478260869565216,0.09174311926605505,0.1515151515151515,109.0
919,0.3413173652694611,0.34545454545454546,0.34337349397590367,165.0
920,0.28378378378378377,0.15441176470588236,0.2,136.0
921,0.15172413793103448,0.2222222222222222,0.18032786885245902,99.0
922,0.15384615384615385,0.391304347826087,0.22085889570552147,184.0
923,0.48333333333333334,0.45789473684210524,0.4702702702702703,190.0
924,0.4074074074074074,0.11224489795918367,0.176,98.0
925,0.42857142857142855,0.0410958904109589,0.075,73.0
926,0.5238095238095238,0.6368421052631579,0.5748218527315915,190.0
927,0.3142857142857143,0.11578947368421053,0.1692307692307692,95.0
928,0.042105263157894736,0.05405405405405406,0.04733727810650888,74.0
929,0.4588235294117647,0.3786407766990291,0.4148936170212766,206.0
930,0.45454545454545453,0.6686046511627907,0.5411764705882354,172.0
931,0.13333333333333333,0.1590909090909091,0.14507772020725387,88.0
932,0.573394495412844,0.5341880341880342,0.5530973451327434,234.0
933,0.3333333333333333,0.05,0.08695652173913045,60.0
934,0.4444444444444444,0.06779661016949153,0.1176470588235294,118.0
935,0.3787878787878788,0.2358490566037736,0.29069767441860467,106.0
936,0.6194690265486725,0.3825136612021858,0.4729729729729729,183.0
937,0.5073170731707317,0.6624203821656051,0.574585635359116,157.0
938,0.1,0.012987012987012988,0.02298850574712644,77.0
939,0.36666666666666664,0.09166666666666666,0.14666666666666664,120.0
940,0.3448275862068966,0.13157894736842105,0.1904761904761905,76.0
941,0.0821917808219178,0.24,0.12244897959183673,50.0
942,0.38666666666666666,0.5878378378378378,0.46648793565683644,148.0
943,0.3333333333333333,0.05172413793103448,0.08955223880597016,58.0
944,0.4552238805970149,0.3885350318471338,0.4192439862542955,157.0
945,0.1724137931034483,0.14634146341463414,0.15831134564643798,205.0
946,0.3,0.03821656050955414,0.06779661016949153,157.0
947,0.30434782608695654,0.050359712230215826,0.08641975308641975,139.0
948,0.5106382978723404,0.3902439024390244,0.4423963133640553,123.0
949,0.2283464566929134,0.125,0.1615598885793872,232.0
950,0.5625,0.5963855421686747,0.5789473684210528,166.0
951,0.6626506024096386,0.20522388059701493,0.3133903133903134,268.0
952,0.26666666666666666,0.031746031746031744,0.05673758865248226,126.0
953,0.5714285714285714,0.039603960396039604,0.07407407407407407,101.0
954,0.2894736842105263,0.13414634146341464,0.18333333333333332,82.0
955,0.44680851063829785,0.3,0.35897435897435903,140.0
956,0.25,0.024390243902439025,0.04444444444444444,82.0
957,0.14814814814814814,0.07547169811320754,0.1,53.0
958,0.4444444444444444,0.061855670103092786,0.1085972850678733,194.0
959,0.5681818181818182,0.25252525252525254,0.3496503496503497,297.0
960,0.4117647058823529,0.032407407407407406,0.060085836909871244,216.0
961,0.1839080459770115,0.12698412698412698,0.15023474178403756,126.0
962,0.42696629213483145,0.4550898203592814,0.4405797101449275,167.0
963,0.37037037037037035,0.12195121951219512,0.18348623853211007,82.0
964,0.22929936305732485,0.4161849710982659,0.295687885010267,173.0
965,0.18660287081339713,0.3046875,0.2314540059347181,128.0
966,0.036036036036036036,0.10526315789473684,0.053691275167785234,38.0
967,0.5,0.09333333333333334,0.15730337078651685,75.0
968,0.0,0.0,0.0,62.0
969,0.33962264150943394,0.14634146341463414,0.20454545454545456,123.0
970,0.32625482625482627,0.7253218884120172,0.4500665778961386,233.0
971,0.5277777777777778,0.12837837837837837,0.20652173913043476,148.0
972,0.3333333333333333,0.03636363636363636,0.06557377049180327,55.0
973,0.21052631578947367,0.045454545454545456,0.07476635514018691,88.0
974,0.45454545454545453,0.03125,0.05847953216374269,160.0
975,0.1912568306010929,0.21739130434782608,0.20348837209302326,161.0
976,0.574468085106383,0.6428571428571429,0.6067415730337079,210.0
977,0.4,0.11363636363636363,0.17699115044247787,88.0
978,0.5,0.038461538461538464,0.07142857142857144,52.0
979,0.43478260869565216,0.078125,0.13245033112582782,128.0
980,0.23655913978494625,0.13924050632911392,0.1752988047808765,158.0
981,0.37349397590361444,0.15736040609137056,0.22142857142857142,197.0
982,0.6796116504854369,0.358974358974359,0.46979865771812085,195.0
983,0.43820224719101125,0.30708661417322836,0.3611111111111111,127.0
984,0.41721854304635764,0.3795180722891566,0.3974763406940064,166.0
985,0.49390243902439024,0.4263157894736842,0.4576271186440678,190.0
986,0.4965986394557823,0.3067226890756303,0.3792207792207793,238.0
987,0.646551724137931,0.2403846153846154,0.35046728971962615,312.0
988,0.04795117698343505,0.22267206477732793,0.07890961262553801,247.0
989,0.3076923076923077,0.056338028169014086,0.09523809523809525,71.0
990,0.36363636363636365,0.057971014492753624,0.1,69.0
991,0.2138364779874214,0.1827956989247312,0.19710144927536233,186.0
992,0.2,0.020134228187919462,0.036585365853658534,149.0
993,0.0,0.0,0.0,234.0
994,0.09090909090909091,0.04,0.05555555555555555,50.0
995,0.42424242424242425,0.11764705882352941,0.1842105263157895,119.0
996,0.3,0.11538461538461539,0.16666666666666669,52.0
997,0.6190476190476191,0.1625,0.25742574257425743,80.0
998,0.5251396648044693,0.6762589928057554,0.5911949685534591,139.0
999,0.0,0.0,0.0,67.0
1000,0.4658119658119658,0.615819209039548,0.5304136253041363,177.0
1001,0.08333333333333333,0.03636363636363636,0.050632911392405056,55.0
1002,0.2808988764044944,0.12690355329949238,0.17482517482517482,197.0
1003,0.38461538461538464,0.03164556962025317,0.0584795321637427,158.0
1004,0.3448275862068966,0.5161290322580645,0.41343669250646,155.0
1005,0.5714285714285714,0.0273972602739726,0.05228758169934641,292.0
1006,0.375,0.03614457831325301,0.06593406593406592,83.0
1007,0.47368421052631576,0.046153846153846156,0.08411214953271028,195.0
1008,0.2972972972972973,0.1375,0.18803418803418806,80.0
1009,0.18018018018018017,0.1111111111111111,0.1374570446735395,180.0
1010,0.09090909090909091,0.0051813471502590676,0.00980392156862745,193.0
1011,0.325,0.3170731707317073,0.3209876543209877,164.0
1012,0.4067796610169492,0.2807017543859649,0.33217993079584773,171.0
1013,1.0,0.004807692307692308,0.009569377990430623,208.0
1014,0.1952662721893491,0.27049180327868855,0.2268041237113402,122.0
1015,0.34328358208955223,0.08646616541353383,0.13813813813813813,266.0
1016,0.3,0.04838709677419355,0.08333333333333333,62.0
1017,0.375,0.1079136690647482,0.16759776536312848,139.0
1018,0.325,0.07386363636363637,0.12037037037037039,176.0
1019,0.34177215189873417,0.36610169491525424,0.35351882160392795,295.0
1020,0.5,0.011904761904761904,0.023255813953488372,84.0
1021,0.3023255813953488,0.09219858156028368,0.14130434782608695,141.0
1022,0.4166666666666667,0.10526315789473684,0.16806722689075632,95.0
1023,0.23076923076923078,0.05,0.08219178082191782,120.0
1024,0.3333333333333333,0.03508771929824561,0.06349206349206349,57.0
1025,0.11235955056179775,0.06711409395973154,0.08403361344537814,149.0
1026,0.3125,0.0847457627118644,0.13333333333333333,59.0
1027,0.3716216216216216,0.22540983606557377,0.28061224489795916,244.0
1028,0.13793103448275862,0.07272727272727272,0.09523809523809523,55.0
1029,0.2,0.06666666666666667,0.1,60.0
1030,0.460431654676259,0.26556016597510373,0.33684210526315794,241.0
1031,0.4215686274509804,0.2205128205128205,0.2895622895622896,195.0
1032,0.4626865671641791,0.11524163568773234,0.1845238095238095,269.0
1033,0.24705882352941178,0.4012738853503185,0.30582524271844663,157.0
1034,0.058823529411764705,0.08333333333333333,0.06896551724137931,48.0
1035,0.5466666666666666,0.19248826291079812,0.2847222222222222,213.0
1036,0.09714285714285714,0.11333333333333333,0.10461538461538461,150.0
1037,0.21374045801526717,0.2014388489208633,0.20740740740740737,139.0
1038,0.36363636363636365,0.042105263157894736,0.07547169811320754,95.0
1039,0.44642857142857145,0.21551724137931033,0.2906976744186046,116.0
1040,0.25925925925925924,0.06086956521739131,0.09859154929577466,115.0
1041,0.4701492537313433,0.34054054054054056,0.39498432601880884,185.0
1042,0.15611814345991562,0.26618705035971224,0.19680851063829788,139.0
1043,0.38345864661654133,0.5930232558139535,0.4657534246575342,86.0
1044,0.4,0.018018018018018018,0.034482758620689655,111.0
1045,0.8,0.0380952380952381,0.07272727272727274,105.0
1046,0.32947976878612717,0.285,0.3056300268096514,200.0
1047,0.3384615384615385,0.15714285714285714,0.2146341463414634,140.0
1048,0.3050847457627119,0.3576158940397351,0.32926829268292684,151.0
1049,0.6666666666666666,0.2577777777777778,0.3717948717948718,225.0
1050,0.2983425414364641,0.5118483412322274,0.3769633507853403,211.0
1051,0.25,0.028985507246376812,0.051948051948051945,69.0
1052,0.3181818181818182,0.19444444444444445,0.2413793103448276,72.0
1053,1.0,0.03937007874015748,0.07575757575757576,127.0
1054,0.10596026490066225,0.07339449541284404,0.0867208672086721,218.0
1055,0.4666666666666667,0.1,0.1647058823529412,70.0
1056,0.25,0.009009009009009009,0.017391304347826087,111.0
1057,0.0975609756097561,0.04938271604938271,0.06557377049180328,81.0
1058,0.10555555555555556,0.11585365853658537,0.11046511627906977,164.0
1059,0.25,0.019801980198019802,0.03669724770642201,101.0
1060,0.15517241379310345,0.3,0.20454545454545456,60.0
1061,0.1065989847715736,0.109375,0.10796915167095117,192.0
1062,0.3333333333333333,0.04065040650406504,0.07246376811594203,123.0
1063,0.75,0.07692307692307693,0.13953488372093026,78.0
1064,0.5714285714285714,0.11764705882352941,0.1951219512195122,34.0
1065,1.0,0.015873015873015872,0.03125,63.0
1066,0.2727272727272727,0.08670520231213873,0.13157894736842105,173.0
1067,0.125,0.005952380952380952,0.011363636363636362,168.0
1068,0.21311475409836064,0.09774436090225563,0.13402061855670103,133.0
1069,0.3333333333333333,0.09090909090909091,0.14285714285714288,132.0
1070,0.07446808510638298,0.08433734939759036,0.07909604519774012,83.0
1071,0.05099150141643059,0.11320754716981132,0.0703125,159.0
1072,0.24186046511627907,0.2765957446808511,0.25806451612903225,188.0
1073,0.25448028673835127,0.43558282208588955,0.3212669683257919,163.0
1074,0.1783783783783784,0.21710526315789475,0.19584569732937687,152.0
1075,0.22807017543859648,0.0663265306122449,0.10276679841897234,196.0
1076,0.35294117647058826,0.04838709677419355,0.0851063829787234,248.0
1077,0.43073047858942065,0.6286764705882353,0.5112107623318386,272.0
1078,0.03116883116883117,0.1111111111111111,0.0486815415821501,108.0
1079,1.0,0.010309278350515464,0.020408163265306124,97.0
1080,0.20833333333333334,0.1834862385321101,0.1951219512195122,109.0
1081,0.375,0.03529411764705882,0.06451612903225806,85.0
1082,0.3448275862068966,0.2777777777777778,0.3076923076923077,72.0
1083,0.6101694915254238,0.2891566265060241,0.3923705722070845,249.0
1084,0.2857142857142857,0.06299212598425197,0.1032258064516129,127.0
1085,0.0,0.0,0.0,57.0
1086,0.3333333333333333,0.007575757575757576,0.014814814814814815,132.0
1087,0.24166666666666667,0.232,0.23673469387755103,125.0
1088,1.0,0.034482758620689655,0.06666666666666667,58.0
1089,0.7536231884057971,0.6265060240963856,0.6842105263157895,166.0
1090,0.303886925795053,0.5308641975308642,0.3865168539325842,162.0
1091,0.24242424242424243,0.12903225806451613,0.16842105263157894,62.0
1092,0.5119047619047619,0.5029239766081871,0.5073746312684365,171.0
1093,0.2,0.008771929824561403,0.01680672268907563,228.0
1094,0.4098360655737705,0.32051282051282054,0.35971223021582743,234.0
1095,0.5671140939597316,0.5382165605095541,0.5522875816993463,314.0
1096,0.15789473684210525,0.02830188679245283,0.048,106.0
1097,0.525,0.08898305084745763,0.15217391304347824,236.0
1098,0.325,0.47950819672131145,0.3874172185430464,244.0
1099,0.2413793103448276,0.06422018348623854,0.10144927536231886,218.0
1100,0.23529411764705882,0.0963855421686747,0.13675213675213674,83.0
1101,0.2608695652173913,0.06666666666666667,0.10619469026548674,90.0
1102,1.0,0.005780346820809248,0.011494252873563216,173.0
1103,0.11160714285714286,0.09689922480620156,0.1037344398340249,258.0
1104,0.4411764705882353,0.09740259740259741,0.1595744680851064,154.0
1105,0.1875,0.16981132075471697,0.17821782178217824,53.0
1106,0.1962025316455696,0.3875,0.2605042016806723,160.0
1107,0.42857142857142855,0.04878048780487805,0.08759124087591241,123.0
1108,0.175,0.09929078014184398,0.12669683257918554,141.0
1109,0.16703296703296702,0.5314685314685315,0.25418060200668896,143.0
1110,0.6402116402116402,0.4959016393442623,0.558891454965358,244.0
1111,0.30538922155688625,0.21518987341772153,0.2524752475247525,237.0
1112,0.5625,0.2903225806451613,0.3829787234042554,217.0
1113,0.09814323607427056,0.15416666666666667,0.11993517017828202,240.0
1114,0.2,0.0125,0.023529411764705885,160.0
1115,0.030303030303030304,0.010135135135135136,0.01518987341772152,296.0
1116,0.3888888888888889,0.48,0.42966751918158574,175.0
1117,0.5454545454545454,0.06382978723404255,0.11428571428571427,94.0
1118,0.29310344827586204,0.1328125,0.1827956989247312,128.0
1119,0.23529411764705882,0.04040404040404041,0.06896551724137932,99.0
1120,0.4090909090909091,0.0743801652892562,0.1258741258741259,121.0
1121,0.4032258064516129,0.5067567567567568,0.4491017964071856,148.0
1122,0.2692307692307692,0.028455284552845527,0.051470588235294115,246.0
1123,0.6666666666666666,0.026200873362445413,0.05042016806722689,229.0
1124,0.052083333333333336,0.03937007874015748,0.044843049327354265,127.0
1125,0.5,0.045454545454545456,0.08333333333333334,88.0
1126,0.23404255319148937,0.2222222222222222,0.22797927461139897,198.0
1127,0.5,0.0392156862745098,0.07272727272727272,102.0
1128,0.7530864197530864,0.6777777777777778,0.7134502923976608,270.0
1129,0.4166666666666667,0.05555555555555555,0.09803921568627451,90.0
1130,0.5420560747663551,0.2510822510822511,0.3431952662721893,231.0
1131,0.35714285714285715,0.09615384615384616,0.15151515151515152,104.0
1132,0.1645021645021645,0.2275449101796407,0.19095477386934673,167.0
1133,0.23624595469255663,0.5887096774193549,0.3371824480369515,248.0
1134,0.2,0.014388489208633094,0.02684563758389262,139.0
1135,0.4626865671641791,0.3069306930693069,0.369047619047619,202.0
1136,0.5555555555555556,0.022935779816513763,0.04405286343612335,218.0
1137,0.013062409288824383,0.06040268456375839,0.021479713603818618,149.0
1138,0.5789473684210527,0.0990990990990991,0.16923076923076924,111.0
1139,0.6578947368421053,0.33557046979865773,0.4444444444444445,149.0
1140,0.5714285714285714,0.047058823529411764,0.08695652173913043,85.0
1141,0.20422535211267606,0.5370370370370371,0.29591836734693877,162.0
1142,0.75,0.36046511627906974,0.48691099476439786,258.0
1143,0.3333333333333333,0.03932584269662921,0.07035175879396985,178.0
1144,0.38596491228070173,0.1,0.1588447653429603,220.0
1145,0.445859872611465,0.40229885057471265,0.42296072507552873,174.0
1146,0.425531914893617,0.14492753623188406,0.2162162162162162,138.0
1147,0.246684350132626,0.543859649122807,0.33941605839416056,171.0
1148,0.8738738738738738,0.5672514619883041,0.6879432624113474,171.0
1149,0.20077972709551656,0.6094674556213018,0.3020527859237537,169.0
1150,0.16666666666666666,0.02,0.03571428571428571,50.0
1151,0.07692307692307693,0.047619047619047616,0.058823529411764705,21.0
1152,0.625,0.09009009009009009,0.15748031496062992,111.0
1153,0.7630331753554502,0.5457627118644067,0.6363636363636362,295.0
1154,0.3176470588235294,0.16875,0.22040816326530613,160.0
1155,0.5,0.017241379310344827,0.03333333333333333,58.0
1156,1.0,0.05405405405405406,0.10256410256410257,74.0
1157,0.42016806722689076,0.2631578947368421,0.32362459546925565,190.0
1158,0.38596491228070173,0.15827338129496402,0.22448979591836732,139.0
1159,0.39080459770114945,0.15813953488372093,0.2251655629139073,215.0
1160,0.3333333333333333,0.012552301255230125,0.024193548387096774,239.0
1161,0.5833333333333334,0.030303030303030304,0.057613168724279844,231.0
1162,0.4444444444444444,0.05263157894736842,0.09411764705882353,76.0
1163,0.04836759371221282,0.24691358024691357,0.08088978766430738,162.0
1164,0.1984126984126984,0.2242152466367713,0.21052631578947367,223.0
1165,0.3333333333333333,0.03225806451612903,0.0588235294117647,62.0
1166,0.23595505617977527,0.21761658031088082,0.22641509433962262,193.0
1167,0.5769230769230769,0.3456221198156682,0.43227665706051877,217.0
1168,0.13333333333333333,0.016666666666666666,0.02962962962962963,120.0
1169,0.4418604651162791,0.15833333333333333,0.2331288343558282,120.0
1170,0.0036157624038052516,0.6900369003690037,0.007193829463925061,271.0
1171,0.7914110429447853,0.6615384615384615,0.7206703910614525,195.0
1172,0.5,0.04411764705882353,0.0810810810810811,68.0
1173,0.5,0.19455252918287938,0.2801120448179272,257.0
1174,0.2463768115942029,0.29310344827586204,0.26771653543307083,116.0
1175,0.09745762711864407,0.1402439024390244,0.115,164.0
1176,0.373134328358209,0.20491803278688525,0.26455026455026454,122.0
1177,0.5,0.017241379310344827,0.03333333333333333,174.0
1178,0.6777251184834123,0.4880546075085324,0.5674603174603174,293.0
1179,0.29385964912280704,0.4855072463768116,0.366120218579235,138.0
1180,0.2,0.11666666666666667,0.1473684210526316,60.0
1181,0.5,0.08520179372197309,0.14559386973180075,223.0
1182,0.5,0.041666666666666664,0.07692307692307693,96.0
1183,0.3402061855670103,0.28205128205128205,0.30841121495327106,117.0
1184,0.025906735751295335,0.21739130434782608,0.046296296296296294,23.0
1185,0.5714285714285714,0.2912621359223301,0.3858520900321543,206.0
1186,0.125,0.013157894736842105,0.02380952380952381,76.0
1187,0.31802120141342755,0.37344398340248963,0.34351145038167935,241.0
1188,0.2610619469026549,0.7283950617283951,0.3843648208469056,162.0
1189,0.2318840579710145,0.14479638009049775,0.17827298050139279,221.0
1190,0.44285714285714284,0.22962962962962963,0.3024390243902439,135.0
1191,0.18892508143322476,0.4393939393939394,0.2642369020501139,132.0
1192,0.3010204081632653,0.46825396825396826,0.3664596273291925,126.0
1193,0.19047619047619047,0.07142857142857142,0.10389610389610389,56.0
1194,0.4824120603015075,0.366412213740458,0.4164859002169197,262.0
1195,0.40625,0.1262135922330097,0.1925925925925926,103.0
1196,0.36363636363636365,0.06349206349206349,0.1081081081081081,63.0
1197,0.23809523809523808,0.10135135135135136,0.14218009478672985,148.0
1198,0.4631578947368421,0.21153846153846154,0.29042904290429045,208.0
1199,0.2553191489361702,0.13333333333333333,0.17518248175182477,90.0
1200,0.7564102564102564,0.39730639730639733,0.5209713024282561,297.0
1201,0.2857142857142857,0.12121212121212122,0.1702127659574468,99.0
1202,0.4177215189873418,0.19760479041916168,0.2682926829268293,167.0
1203,0.0,0.0,0.0,45.0
1204,0.40425531914893614,0.1366906474820144,0.20430107526881722,139.0
1205,0.2366412213740458,0.33879781420765026,0.27865168539325846,183.0
1206,0.1,0.015625,0.02702702702702703,64.0
1207,0.7547169811320755,0.6060606060606061,0.6722689075630252,66.0
1208,0.43125,0.3484848484848485,0.38547486033519557,198.0
1209,0.3246753246753247,0.46296296296296297,0.38167938931297707,162.0
1210,0.37662337662337664,0.25663716814159293,0.3052631578947369,113.0
1211,0.07142857142857142,0.04878048780487805,0.057971014492753624,82.0
1212,0.2983425414364641,0.226890756302521,0.2577565632458234,238.0
1213,0.3515981735159817,0.32217573221757323,0.3362445414847161,239.0
1214,0.25,0.037037037037037035,0.06451612903225806,81.0
1215,1.0,0.010869565217391304,0.02150537634408602,92.0
1216,0.05263157894736842,0.045454545454545456,0.04878048780487805,132.0
1217,0.14084507042253522,0.15625,0.14814814814814814,64.0
1218,0.08633093525179857,0.1016949152542373,0.0933852140077821,118.0
1219,0.362962962962963,0.44144144144144143,0.3983739837398374,111.0
1220,0.7142857142857143,0.08064516129032258,0.14492753623188404,62.0
1221,0.3076923076923077,0.0821917808219178,0.12972972972972974,146.0
1222,0.4406779661016949,0.22413793103448276,0.2971428571428571,116.0
1223,0.3333333333333333,0.02877697841726619,0.052980132450331126,139.0
1224,0.625,0.05181347150259067,0.09569377990430622,193.0
1225,0.34210526315789475,0.15757575757575756,0.2157676348547718,165.0
1226,0.12745098039215685,0.1111111111111111,0.1187214611872146,117.0
1227,0.847953216374269,0.5731225296442688,0.6839622641509435,253.0
1228,0.2413793103448276,0.09333333333333334,0.1346153846153846,75.0
1229,0.4444444444444444,0.05673758865248227,0.10062893081761007,141.0
1230,0.30434782608695654,0.04861111111111111,0.08383233532934133,144.0
1231,0.3783783783783784,0.11764705882352941,0.1794871794871795,238.0
1232,0.44621513944223107,0.5773195876288659,0.5033707865168539,194.0
1233,0.3333333333333333,0.09259259259259259,0.14492753623188404,54.0
1234,0.29012345679012347,0.4895833333333333,0.3643410852713178,192.0
1235,0.1875,0.07425742574257425,0.10638297872340424,202.0
1236,0.1564245810055866,0.2641509433962264,0.19649122807017544,106.0
1237,0.36904761904761907,0.1751412429378531,0.23754789272030652,177.0
1238,0.20567375886524822,0.19594594594594594,0.20069204152249137,148.0
1239,0.2857142857142857,0.05172413793103448,0.08759124087591241,116.0
1240,0.37037037037037035,0.1388888888888889,0.20202020202020202,216.0
1241,0.5,0.0425531914893617,0.0784313725490196,47.0
1242,0.6911764705882353,0.6844660194174758,0.6878048780487804,206.0
1243,0.06324110671936758,0.10526315789473684,0.07901234567901234,152.0
1244,0.0,0.0,0.0,91.0
1245,0.45,0.10843373493975904,0.17475728155339806,83.0
1246,0.25443786982248523,0.25595238095238093,0.255192878338279,168.0
1247,0.16666666666666666,0.008403361344537815,0.016,119.0
1248,0.47435897435897434,0.23125,0.3109243697478991,160.0
1249,0.7784810126582279,0.467680608365019,0.5843230403800475,263.0
1250,0.5172413793103449,0.14423076923076922,0.22556390977443608,104.0
1251,0.2604166666666667,0.1388888888888889,0.18115942028985507,180.0
1252,0.4166666666666667,0.0423728813559322,0.07692307692307693,118.0
1253,0.28421052631578947,0.1443850267379679,0.19148936170212766,187.0
1254,0.6,0.05084745762711865,0.09375000000000001,59.0
1255,0.3696682464454976,0.639344262295082,0.4684684684684684,122.0
1256,0.6666666666666666,0.033707865168539325,0.06417112299465241,178.0
1257,0.18421052631578946,0.056910569105691054,0.08695652173913042,123.0
1258,0.29545454545454547,0.1111111111111111,0.16149068322981366,234.0
1259,0.4338235294117647,0.30256410256410254,0.3564954682779456,195.0
1260,0.13636363636363635,0.04477611940298507,0.06741573033707865,67.0
1261,0.06201550387596899,0.047337278106508875,0.053691275167785234,169.0
1262,0.375,0.05357142857142857,0.09375,56.0
1263,0.18518518518518517,0.049019607843137254,0.07751937984496124,102.0
1264,0.38016528925619836,0.22009569377990432,0.2787878787878788,209.0
1265,0.5,0.031578947368421054,0.05940594059405941,95.0
1266,0.46153846153846156,0.0821917808219178,0.13953488372093023,73.0
1267,0.33067729083665337,0.5724137931034483,0.4191919191919192,145.0
1268,0.15758468335787923,0.5376884422110553,0.24373576309794986,199.0
1269,0.15753424657534246,0.23958333333333334,0.19008264462809918,96.0
1270,0.3333333333333333,0.047619047619047616,0.08333333333333333,63.0
1271,0.6190476190476191,0.06806282722513089,0.12264150943396226,191.0
1272,0.5581395348837209,0.10572687224669604,0.17777777777777776,227.0
1273,0.5833333333333334,0.056451612903225805,0.10294117647058823,124.0
1274,0.12,0.16666666666666666,0.13953488372093023,90.0
1275,0.0,0.0,0.0,64.0
1276,0.4166666666666667,0.060240963855421686,0.10526315789473684,83.0
1277,0.3333333333333333,0.12857142857142856,0.18556701030927833,140.0
1278,0.5416666666666666,0.19047619047619047,0.28184281842818426,273.0
1279,0.8333333333333334,0.021367521367521368,0.041666666666666664,234.0
1280,0.5849056603773585,0.15736040609137056,0.24799999999999997,197.0
1281,0.4948453608247423,0.2608695652173913,0.34163701067615654,184.0
1282,0.2857142857142857,0.042105263157894736,0.07339449541284403,95.0
1283,0.6428571428571429,0.18,0.28124999999999994,50.0
1284,0.38095238095238093,0.14414414414414414,0.20915032679738563,111.0
1285,0.75,0.03333333333333333,0.06382978723404256,90.0
1286,0.3548387096774194,0.15714285714285714,0.21782178217821782,140.0
1287,0.33994334277620397,0.4528301886792453,0.3883495145631068,265.0
1288,0.7701863354037267,0.5020242914979757,0.6078431372549019,247.0
1289,0.5510835913312694,0.5933333333333334,0.5714285714285714,300.0
1290,0.14689265536723164,0.1078838174273859,0.12440191387559808,241.0
1291,0.4375,0.06140350877192982,0.1076923076923077,114.0
1292,0.087890625,0.5113636363636364,0.15,88.0
1293,0.29333333333333333,0.0842911877394636,0.13095238095238096,261.0
1294,0.11538461538461539,0.011450381679389313,0.020833333333333336,262.0
1295,0.3436293436293436,0.5894039735099338,0.4341463414634146,151.0
1296,0.4444444444444444,0.21621621621621623,0.2909090909090909,111.0
1297,0.18518518518518517,0.15789473684210525,0.17045454545454544,95.0
1298,0.5,0.03783783783783784,0.07035175879396985,185.0
1299,0.0,0.0,0.0,164.0
1300,0.32653061224489793,0.5647058823529412,0.41379310344827586,85.0
1301,0.0,0.0,0.0,88.0
1302,0.5426829268292683,0.3869565217391304,0.4517766497461929,230.0
1303,0.2857142857142857,0.03225806451612903,0.05797101449275363,62.0
1304,0.2830188679245283,0.2710843373493976,0.2769230769230769,166.0
1305,0.4954128440366973,0.2084942084942085,0.29347826086956524,259.0
1306,0.5222222222222223,0.25405405405405407,0.34181818181818185,185.0
1307,0.19047619047619047,0.018691588785046728,0.034042553191489355,214.0
1308,0.1769436997319035,0.3188405797101449,0.2275862068965517,207.0
1309,0.7344827586206897,0.8098859315589354,0.7703435804701628,263.0
1310,1.0,0.011363636363636364,0.02247191011235955,88.0
1311,0.13053097345132744,0.5728155339805825,0.2126126126126126,103.0
1312,0.4482758620689655,0.10833333333333334,0.174496644295302,120.0
1313,0.6908212560386473,0.6137339055793991,0.65,233.0
1314,0.4090909090909091,0.10112359550561797,0.16216216216216217,178.0
1315,0.16091954022988506,0.14432989690721648,0.15217391304347827,97.0
1316,0.13636363636363635,0.574468085106383,0.2204081632653061,47.0
1317,0.08737864077669903,0.06338028169014084,0.07346938775510205,142.0
1318,0.17123287671232876,0.16129032258064516,0.16611295681063123,155.0
1319,0.3333333333333333,0.0196078431372549,0.037037037037037035,51.0
1320,0.2972972972972973,0.23157894736842105,0.2603550295857988,95.0
1321,0.5,0.028169014084507043,0.05333333333333334,71.0
1322,0.255,0.2833333333333333,0.26842105263157895,180.0
1323,0.22727272727272727,0.18382352941176472,0.2032520325203252,136.0
1324,0.36,0.26732673267326734,0.3068181818181818,202.0
1325,0.7222222222222222,0.07386363636363637,0.13402061855670105,176.0
1326,0.8,0.09876543209876543,0.1758241758241758,81.0
1327,0.39814814814814814,0.20673076923076922,0.2721518987341772,208.0
1328,0.4126984126984127,0.1780821917808219,0.2488038277511962,146.0
1329,0.4444444444444444,0.08298755186721991,0.13986013986013984,241.0
1330,0.5555555555555556,0.0423728813559322,0.07874015748031496,118.0
1331,0.1476510067114094,0.1317365269461078,0.13924050632911392,167.0
1332,0.0,0.0,0.0,207.0
1333,0.16326530612244897,0.12030075187969924,0.13852813852813853,133.0
1334,0.5217391304347826,0.08053691275167785,0.13953488372093023,149.0
1335,0.35714285714285715,0.06666666666666667,0.11235955056179775,75.0
1336,0.7878787878787878,0.3939393939393939,0.5252525252525253,264.0
1337,0.10810810810810811,0.17560975609756097,0.1338289962825279,205.0
1338,0.5,0.033707865168539325,0.06315789473684211,89.0
1339,0.4166666666666667,0.078125,0.13157894736842105,64.0
1340,0.21120689655172414,0.26344086021505375,0.23444976076555024,186.0
1341,0.4307116104868914,0.6804733727810651,0.5275229357798165,169.0
1342,0.38,0.15833333333333333,0.2235294117647059,120.0
1343,0.0,0.0,0.0,47.0
1344,0.4444444444444444,0.1111111111111111,0.17777777777777776,72.0
1345,0.4675324675324675,0.2033898305084746,0.28346456692913385,177.0
1346,0.35714285714285715,0.054945054945054944,0.09523809523809525,182.0
1347,1.0,0.009615384615384616,0.01904761904761905,104.0
1348,0.6447368421052632,0.22685185185185186,0.33561643835616434,216.0
1349,0.2,0.03409090909090909,0.058252427184466014,88.0
1350,0.6666666666666666,0.018867924528301886,0.03669724770642202,106.0
1351,0.0,0.0,0.0,46.0
1352,0.2708333333333333,0.12322274881516587,0.16938110749185667,211.0
1353,0.1366120218579235,0.14285714285714285,0.13966480446927376,175.0
1354,0.34554973821989526,0.4125,0.37606837606837606,160.0
1355,0.5714285714285714,0.024844720496894408,0.047619047619047616,161.0
1356,0.5294117647058824,0.14754098360655737,0.23076923076923075,305.0
1357,0.5032258064516129,0.4020618556701031,0.4469914040114613,194.0
1358,0.2222222222222222,0.08163265306122448,0.11940298507462686,49.0
1359,1.0,0.024390243902439025,0.047619047619047616,123.0
1360,0.16824644549763032,0.3776595744680851,0.23278688524590166,188.0
1361,0.46938775510204084,0.2911392405063291,0.359375,79.0
1362,0.07857142857142857,0.32116788321167883,0.12625538020086083,137.0
1363,0.2777777777777778,0.14423076923076922,0.18987341772151897,208.0
1364,0.8333333333333334,0.060240963855421686,0.11235955056179775,83.0
1365,0.12686567164179105,0.11409395973154363,0.12014134275618375,149.0
1366,0.3142857142857143,0.11827956989247312,0.171875,93.0
1367,0.358974358974359,0.07865168539325842,0.12903225806451613,178.0
1368,0.2534246575342466,0.49333333333333335,0.33484162895927605,150.0
1369,0.0,0.0,0.0,42.0
1370,0.325,0.08176100628930817,0.1306532663316583,159.0
1371,0.4117647058823529,0.09210526315789473,0.15053763440860216,76.0
1372,0.25,0.037037037037037035,0.06451612903225806,81.0
1373,0.6764705882352942,0.2072072072072072,0.3172413793103448,111.0
1374,0.12396694214876033,0.16304347826086957,0.14084507042253525,92.0
1375,0.0875,0.27631578947368424,0.1329113924050633,76.0
1376,0.47058823529411764,0.06837606837606838,0.11940298507462689,117.0
1377,0.25609756097560976,0.12574850299401197,0.1686746987951807,167.0
1378,0.2631578947368421,0.5113636363636364,0.34749034749034746,88.0
1379,0.25,0.023809523809523808,0.04347826086956521,42.0
1380,0.45348837209302323,0.1921182266009852,0.26989619377162627,203.0
1381,0.2,0.058823529411764705,0.0909090909090909,34.0
1382,0.6176470588235294,0.12962962962962962,0.21428571428571425,162.0
1383,0.23076923076923078,0.01293103448275862,0.02448979591836735,232.0
1384,0.4,0.08620689655172414,0.14184397163120568,116.0
1385,0.19330855018587362,0.29545454545454547,0.23370786516853934,176.0
1386,0.5,0.05660377358490566,0.1016949152542373,159.0
1387,1.0,0.03773584905660377,0.07272727272727272,53.0
1388,0.39303482587064675,0.43646408839779005,0.41361256544502617,181.0
1389,0.40229885057471265,0.22151898734177214,0.2857142857142857,158.0
1390,0.3448275862068966,0.05714285714285714,0.0980392156862745,175.0
1391,0.47509578544061304,0.5688073394495413,0.5177453027139874,218.0
1392,0.3413897280966767,0.4767932489451477,0.39788732394366194,237.0
1393,0.08061002178649238,0.24666666666666667,0.12151067323481116,150.0
1394,0.4435483870967742,0.2925531914893617,0.3525641025641026,188.0
1395,0.4696969696969697,0.3492957746478873,0.4006462035541195,355.0
1396,0.8,0.0392156862745098,0.07476635514018691,204.0
1397,0.04385646973541138,0.4583333333333333,0.08005292755540852,264.0
1398,0.5246913580246914,0.3333333333333333,0.40767386091127095,255.0
accuracy,0.24414220814718468,0.24414220814718468,0.24414220814718468,0.24414220814718468
macro avg,0.3759979878436632,0.20872940551061922,0.22094760515054354,212196.0
weighted avg,0.40024578692347856,0.24414220814718468,0.25575142825565966,212196.0
